0 verbose cli /usr/local/bin/node /usr/local/bin/npm
1 info using npm@10.9.2
2 info using node@v22.16.0
3 silly config load:file:/usr/local/lib/node_modules/npm/npmrc
4 silly config load:file:/Users/hemy/Downloads/FYPCODE/backend/.npmrc
5 silly config load:file:/Users/hemy/.npmrc
6 silly config load:file:/usr/local/etc/npmrc
7 verbose title npm install resend
8 verbose argv "install" "resend"
9 verbose logfile logs-max:10 dir:/Users/hemy/Downloads/FYPCODE/backend/.npm-cache/_logs/2026-05-05T06_16_32_273Z-
10 verbose logfile /Users/hemy/Downloads/FYPCODE/backend/.npm-cache/_logs/2026-05-05T06_16_32_273Z-debug-0.log
11 silly logfile done cleaning log files
12 silly packumentCache heap:4345298944 maxSize:1086324736 maxEntrySize:543162368
13 silly idealTree buildDeps
14 silly fetch manifest resend@^3.0.0
15 silly packumentCache full:https://registry.npmjs.org/resend cache-miss
16 verbose shrinkwrap failed to load node_modules/.package-lock.json out of date, updated: node_modules
17 http fetch GET 200 https://registry.npmjs.org/resend 110ms (cache miss)
18 silly packumentCache full:https://registry.npmjs.org/resend set size:undefined disposed:false
19 silly placeDep ROOT resend@3.5.0 OK for: backend@1.0.0 want: ^3.0.0
20 silly fetch manifest @react-email/render@0.0.16
21 silly packumentCache full:https://registry.npmjs.org/@react-email%2frender cache-miss
22 http fetch GET 200 https://registry.npmjs.org/npm 211ms
23 http fetch GET 200 https://registry.npmjs.org/@react-email%2frender 84ms (cache miss)
24 silly packumentCache full:https://registry.npmjs.org/@react-email%2frender set size:undefined disposed:false
25 silly fetch manifest react@^18.2.0
26 silly packumentCache full:https://registry.npmjs.org/react cache-miss
27 http fetch GET 200 https://registry.npmjs.org/react 266ms (cache miss)
28 silly packumentCache full:https://registry.npmjs.org/react set size:undefined disposed:false
29 silly fetch manifest react-dom@^18.2.0
30 silly packumentCache full:https://registry.npmjs.org/react-dom cache-miss
31 http fetch GET 200 https://registry.npmjs.org/react-dom 483ms (cache miss)
32 silly packumentCache full:https://registry.npmjs.org/react-dom set size:undefined disposed:false
33 silly placeDep node_modules/resend @react-email/render@0.0.16 OK for: resend@3.5.0 want: 0.0.16
34 silly placeDep node_modules/resend react@18.3.1 OK for: @react-email/render@0.0.16 want: ^18.2.0
35 silly placeDep node_modules/resend react-dom@18.3.1 OK for: @react-email/render@0.0.16 want: ^18.2.0
36 silly fetch manifest js-beautify@^1.14.11
37 silly packumentCache full:https://registry.npmjs.org/js-beautify cache-miss
38 silly fetch manifest html-to-text@9.0.5
39 silly packumentCache full:https://registry.npmjs.org/html-to-text cache-miss
40 silly fetch manifest react-promise-suspense@0.3.4
41 silly packumentCache full:https://registry.npmjs.org/react-promise-suspense cache-miss
42 silly fetch manifest scheduler@^0.23.2
43 silly packumentCache full:https://registry.npmjs.org/scheduler cache-miss
44 silly fetch manifest loose-envify@^1.1.0
45 silly packumentCache full:https://registry.npmjs.org/loose-envify cache-miss
46 silly fetch manifest loose-envify@^1.1.0
47 silly packumentCache full:https://registry.npmjs.org/loose-envify cache-miss
48 http fetch GET 200 https://registry.npmjs.org/html-to-text 46ms (cache miss)
49 silly packumentCache full:https://registry.npmjs.org/html-to-text set size:undefined disposed:false
50 http fetch GET 200 https://registry.npmjs.org/js-beautify 57ms (cache miss)
51 silly packumentCache full:https://registry.npmjs.org/js-beautify set size:undefined disposed:false
52 http fetch GET 200 https://registry.npmjs.org/react-promise-suspense 73ms (cache miss)
53 silly packumentCache full:https://registry.npmjs.org/react-promise-suspense set size:undefined disposed:false
54 http fetch GET 200 https://registry.npmjs.org/scheduler 283ms (cache miss)
55 silly packumentCache full:https://registry.npmjs.org/scheduler set size:undefined disposed:false
56 http fetch GET 200 https://registry.npmjs.org/loose-envify 336ms (cache miss)
57 silly packumentCache full:https://registry.npmjs.org/loose-envify set size:undefined disposed:false
58 http fetch GET 200 https://registry.npmjs.org/loose-envify 336ms (cache miss)
59 silly packumentCache full:https://registry.npmjs.org/loose-envify set size:undefined disposed:false
60 silly placeDep ROOT html-to-text@9.0.5 OK for: @react-email/render@0.0.16 want: 9.0.5
61 silly placeDep ROOT js-beautify@1.15.4 OK for: @react-email/render@0.0.16 want: ^1.14.11
62 silly placeDep ROOT react-promise-suspense@0.3.4 OK for: @react-email/render@0.0.16 want: 0.3.4
63 silly fetch manifest selderee@^0.11.0
64 silly packumentCache full:https://registry.npmjs.org/selderee cache-miss
65 silly fetch manifest deepmerge@^4.3.1
66 silly packumentCache full:https://registry.npmjs.org/deepmerge cache-miss
67 silly fetch manifest htmlparser2@^8.0.2
68 silly packumentCache full:https://registry.npmjs.org/htmlparser2 cache-miss
69 silly fetch manifest dom-serializer@^2.0.0
70 silly packumentCache full:https://registry.npmjs.org/dom-serializer cache-miss
71 silly fetch manifest @selderee/plugin-htmlparser2@^0.11.0
72 silly packumentCache full:https://registry.npmjs.org/@selderee%2fplugin-htmlparser2 cache-miss
73 silly fetch manifest config-chain@^1.1.13
74 silly packumentCache full:https://registry.npmjs.org/config-chain cache-miss
75 silly fetch manifest editorconfig@^1.0.4
76 silly packumentCache full:https://registry.npmjs.org/editorconfig cache-miss
77 http fetch GET 200 https://registry.npmjs.org/selderee 34ms (cache miss)
78 silly packumentCache full:https://registry.npmjs.org/selderee set size:undefined disposed:false
79 silly fetch manifest glob@^10.4.2
80 silly packumentCache full:https://registry.npmjs.org/glob cache-miss
81 http fetch GET 200 https://registry.npmjs.org/dom-serializer 38ms (cache miss)
82 silly packumentCache full:https://registry.npmjs.org/dom-serializer set size:undefined disposed:false
83 silly fetch manifest js-cookie@^3.0.5
84 silly packumentCache full:https://registry.npmjs.org/js-cookie cache-miss
85 http fetch GET 200 https://registry.npmjs.org/htmlparser2 39ms (cache miss)
86 silly packumentCache full:https://registry.npmjs.org/htmlparser2 set size:undefined disposed:false
87 silly fetch manifest nopt@^7.2.1
88 silly packumentCache full:https://registry.npmjs.org/nopt cache-miss
89 http fetch GET 200 https://registry.npmjs.org/config-chain 43ms (cache miss)
90 silly packumentCache full:https://registry.npmjs.org/config-chain set size:undefined disposed:false
91 silly fetch manifest fast-deep-equal@^2.0.1
92 silly packumentCache full:https://registry.npmjs.org/fast-deep-equal cache-miss
93 http fetch GET 200 https://registry.npmjs.org/editorconfig 75ms (cache miss)
94 silly packumentCache full:https://registry.npmjs.org/editorconfig set size:undefined disposed:false
95 http fetch GET 200 https://registry.npmjs.org/fast-deep-equal 36ms (cache miss)
96 silly packumentCache full:https://registry.npmjs.org/fast-deep-equal set size:undefined disposed:false
97 http fetch GET 200 https://registry.npmjs.org/js-cookie 48ms (cache miss)
98 silly packumentCache full:https://registry.npmjs.org/js-cookie set size:undefined disposed:false
99 http fetch GET 200 https://registry.npmjs.org/deepmerge 289ms (cache miss)
100 silly packumentCache full:https://registry.npmjs.org/deepmerge set size:undefined disposed:false
101 http fetch GET 200 https://registry.npmjs.org/@selderee%2fplugin-htmlparser2 335ms (cache miss)
102 silly packumentCache full:https://registry.npmjs.org/@selderee%2fplugin-htmlparser2 set size:undefined disposed:false
103 http fetch GET 200 https://registry.npmjs.org/glob 303ms (cache miss)
104 silly packumentCache full:https://registry.npmjs.org/glob set size:undefined disposed:false
105 http fetch GET 200 https://registry.npmjs.org/nopt 513ms (cache miss)
106 silly packumentCache full:https://registry.npmjs.org/nopt set size:undefined disposed:false
107 silly placeDep ROOT @selderee/plugin-htmlparser2@0.11.0 OK for: html-to-text@9.0.5 want: ^0.11.0
108 silly placeDep ROOT deepmerge@4.3.1 OK for: html-to-text@9.0.5 want: ^4.3.1
109 silly placeDep ROOT dom-serializer@2.0.0 OK for: html-to-text@9.0.5 want: ^2.0.0
110 silly placeDep ROOT htmlparser2@8.0.2 OK for: html-to-text@9.0.5 want: ^8.0.2
111 silly placeDep ROOT selderee@0.11.0 OK for: html-to-text@9.0.5 want: ^0.11.0
112 silly fetch manifest domhandler@^5.0.3
113 silly packumentCache full:https://registry.npmjs.org/domhandler cache-miss
114 silly fetch manifest entities@^4.2.0
115 silly packumentCache full:https://registry.npmjs.org/entities cache-miss
116 silly fetch manifest domhandler@^5.0.2
117 silly packumentCache full:https://registry.npmjs.org/domhandler cache-miss
118 silly fetch manifest domelementtype@^2.3.0
119 silly packumentCache full:https://registry.npmjs.org/domelementtype cache-miss
120 silly fetch manifest domutils@^3.0.1
121 silly packumentCache full:https://registry.npmjs.org/domutils cache-miss
122 silly fetch manifest entities@^4.4.0
123 silly packumentCache full:https://registry.npmjs.org/entities cache-miss
124 silly fetch manifest domhandler@^5.0.3
125 silly packumentCache full:https://registry.npmjs.org/domhandler cache-miss
126 http fetch GET 200 https://registry.npmjs.org/domelementtype 39ms (cache miss)
127 silly packumentCache full:https://registry.npmjs.org/domelementtype set size:undefined disposed:false
128 silly fetch manifest parseley@^0.12.0
129 silly packumentCache full:https://registry.npmjs.org/parseley cache-miss
130 http fetch GET 200 https://registry.npmjs.org/entities 42ms (cache miss)
131 silly packumentCache full:https://registry.npmjs.org/entities set size:undefined disposed:false
132 http fetch GET 200 https://registry.npmjs.org/domhandler 51ms (cache miss)
133 silly packumentCache full:https://registry.npmjs.org/domhandler set size:undefined disposed:false
134 http fetch GET 200 https://registry.npmjs.org/domhandler 62ms (cache miss)
135 silly packumentCache full:https://registry.npmjs.org/domhandler set size:undefined disposed:false
136 http fetch GET 200 https://registry.npmjs.org/entities 63ms (cache miss)
137 silly packumentCache full:https://registry.npmjs.org/entities set size:undefined disposed:false
138 http fetch GET 200 https://registry.npmjs.org/domutils 64ms (cache miss)
139 silly packumentCache full:https://registry.npmjs.org/domutils set size:undefined disposed:false
140 http fetch GET 200 https://registry.npmjs.org/parseley 41ms (cache miss)
141 silly packumentCache full:https://registry.npmjs.org/parseley set size:undefined disposed:false
142 http fetch GET 200 https://registry.npmjs.org/domhandler 298ms (cache miss)
143 silly packumentCache full:https://registry.npmjs.org/domhandler set size:undefined disposed:false
144 silly placeDep ROOT domhandler@5.0.3 OK for: @selderee/plugin-htmlparser2@0.11.0 want: ^5.0.3
145 silly placeDep ROOT domelementtype@2.3.0 OK for: dom-serializer@2.0.0 want: ^2.3.0
146 silly placeDep ROOT entities@4.5.0 OK for: dom-serializer@2.0.0 want: ^4.2.0
147 silly placeDep ROOT domutils@3.2.2 OK for: htmlparser2@8.0.2 want: ^3.0.1
148 silly placeDep ROOT config-chain@1.1.13 OK for: js-beautify@1.15.4 want: ^1.1.13
149 silly placeDep ROOT editorconfig@1.0.7 OK for: js-beautify@1.15.4 want: ^1.0.4
150 silly placeDep ROOT glob@10.5.0 OK for: js-beautify@1.15.4 want: ^10.4.2
151 silly placeDep ROOT js-cookie@3.0.5 OK for: js-beautify@1.15.4 want: ^3.0.5
152 silly placeDep ROOT nopt@7.2.1 OK for: js-beautify@1.15.4 want: ^7.2.1
153 silly fetch manifest proto-list@~1.2.1
154 silly packumentCache full:https://registry.npmjs.org/proto-list cache-miss
155 silly fetch manifest ini@^1.3.4
156 silly packumentCache full:https://registry.npmjs.org/ini cache-miss
157 silly fetch manifest commander@^10.0.0
158 silly packumentCache full:https://registry.npmjs.org/commander cache-miss
159 silly fetch manifest minimatch@^9.0.1
160 silly packumentCache full:https://registry.npmjs.org/minimatch cache-miss
161 silly fetch manifest @one-ini/wasm@0.1.1
162 silly packumentCache full:https://registry.npmjs.org/@one-ini%2fwasm cache-miss
163 silly fetch manifest minipass@^7.1.2
164 silly packumentCache full:https://registry.npmjs.org/minipass cache-miss
165 silly fetch manifest jackspeak@^3.1.2
166 silly packumentCache full:https://registry.npmjs.org/jackspeak cache-miss
167 http fetch GET 200 https://registry.npmjs.org/ini 39ms (cache miss)
168 silly packumentCache full:https://registry.npmjs.org/ini set size:undefined disposed:false
169 silly fetch manifest minimatch@^9.0.4
170 silly packumentCache full:https://registry.npmjs.org/minimatch cache-miss
171 http fetch GET 200 https://registry.npmjs.org/minipass 50ms (cache miss)
172 silly packumentCache full:https://registry.npmjs.org/minipass set size:undefined disposed:false
173 silly fetch manifest path-scurry@^1.11.1
174 silly packumentCache full:https://registry.npmjs.org/path-scurry cache-miss
175 http fetch GET 200 https://registry.npmjs.org/commander 60ms (cache miss)
176 silly packumentCache full:https://registry.npmjs.org/commander set size:undefined disposed:false
177 silly fetch manifest package-json-from-dist@^1.0.0
178 silly packumentCache full:https://registry.npmjs.org/package-json-from-dist cache-miss
179 http fetch GET 200 https://registry.npmjs.org/minimatch 68ms (cache miss)
180 silly packumentCache full:https://registry.npmjs.org/minimatch set size:undefined disposed:false
181 silly fetch manifest abbrev@^2.0.0
182 silly packumentCache full:https://registry.npmjs.org/abbrev cache-miss
183 http fetch GET 200 https://registry.npmjs.org/jackspeak 73ms (cache miss)
184 silly packumentCache full:https://registry.npmjs.org/jackspeak set size:undefined disposed:false
185 http fetch GET 200 https://registry.npmjs.org/proto-list 75ms (cache miss)
186 silly packumentCache full:https://registry.npmjs.org/proto-list set size:undefined disposed:false
187 http fetch GET 200 https://registry.npmjs.org/package-json-from-dist 34ms (cache miss)
188 silly packumentCache full:https://registry.npmjs.org/package-json-from-dist set size:undefined disposed:false
189 http fetch GET 200 https://registry.npmjs.org/path-scurry 44ms (cache miss)
190 silly packumentCache full:https://registry.npmjs.org/path-scurry set size:undefined disposed:false
191 http fetch GET 200 https://registry.npmjs.org/minimatch 58ms (cache miss)
192 silly packumentCache full:https://registry.npmjs.org/minimatch set size:undefined disposed:false
193 http fetch GET 200 https://registry.npmjs.org/abbrev 33ms (cache miss)
194 silly packumentCache full:https://registry.npmjs.org/abbrev set size:undefined disposed:false
195 http fetch GET 200 https://registry.npmjs.org/@one-ini%2fwasm 329ms (cache miss)
196 silly packumentCache full:https://registry.npmjs.org/@one-ini%2fwasm set size:undefined disposed:false
197 silly placeDep ROOT ini@1.3.8 OK for: config-chain@1.1.13 want: ^1.3.4
198 silly placeDep ROOT proto-list@1.2.4 OK for: config-chain@1.1.13 want: ~1.2.1
199 silly placeDep ROOT @one-ini/wasm@0.1.1 OK for: editorconfig@1.0.7 want: 0.1.1
200 silly placeDep ROOT commander@10.0.1 OK for: editorconfig@1.0.7 want: ^10.0.0
201 silly placeDep node_modules/editorconfig minimatch@9.0.9 OK for: editorconfig@1.0.7 want: ^9.0.1
202 silly fetch manifest brace-expansion@^2.0.2
203 silly packumentCache full:https://registry.npmjs.org/brace-expansion cache-miss
204 http fetch GET 200 https://registry.npmjs.org/brace-expansion 38ms (cache miss)
205 silly packumentCache full:https://registry.npmjs.org/brace-expansion set size:undefined disposed:false
206 silly placeDep ROOT jackspeak@3.4.3 OK for: glob@10.5.0 want: ^3.1.2
207 silly placeDep node_modules/glob minimatch@9.0.9 OK for: glob@10.5.0 want: ^9.0.4
208 silly placeDep ROOT minipass@7.1.3 OK for: glob@10.5.0 want: ^7.1.2
209 silly placeDep ROOT package-json-from-dist@1.0.1 OK for: glob@10.5.0 want: ^1.0.0
210 silly placeDep ROOT path-scurry@1.11.1 OK for: glob@10.5.0 want: ^1.11.1
211 silly fetch manifest @isaacs/cliui@^8.0.2
212 silly packumentCache full:https://registry.npmjs.org/@isaacs%2fcliui cache-miss
213 silly fetch manifest @pkgjs/parseargs@^0.11.0
214 silly packumentCache full:https://registry.npmjs.org/@pkgjs%2fparseargs cache-miss
215 silly fetch manifest lru-cache@^10.2.0
216 silly packumentCache full:https://registry.npmjs.org/lru-cache cache-miss
217 http fetch GET 200 https://registry.npmjs.org/@isaacs%2fcliui 61ms (cache miss)
218 silly packumentCache full:https://registry.npmjs.org/@isaacs%2fcliui set size:undefined disposed:false
219 http fetch GET 200 https://registry.npmjs.org/lru-cache 310ms (cache miss)
220 silly packumentCache full:https://registry.npmjs.org/lru-cache set size:undefined disposed:false
221 http fetch GET 200 https://registry.npmjs.org/@pkgjs%2fparseargs 343ms (cache miss)
222 silly packumentCache full:https://registry.npmjs.org/@pkgjs%2fparseargs set size:undefined disposed:false
223 silly placeDep ROOT @isaacs/cliui@8.0.2 OK for: jackspeak@3.4.3 want: ^8.0.2
224 silly placeDep ROOT @pkgjs/parseargs@0.11.0 OK for: jackspeak@3.4.3 want: ^0.11.0
225 silly fetch manifest wrap-ansi@^8.1.0
226 silly packumentCache full:https://registry.npmjs.org/wrap-ansi cache-miss
227 silly fetch manifest strip-ansi@^7.0.1
228 silly packumentCache full:https://registry.npmjs.org/strip-ansi cache-miss
229 silly fetch manifest string-width@^5.1.2
230 silly packumentCache full:https://registry.npmjs.org/string-width cache-miss
231 silly fetch manifest wrap-ansi-cjs@npm:wrap-ansi@^7.0.0
232 silly packumentCache full:https://registry.npmjs.org/wrap-ansi cache-miss
233 silly fetch manifest strip-ansi-cjs@npm:strip-ansi@^6.0.1
234 silly packumentCache full:https://registry.npmjs.org/strip-ansi cache-miss
235 silly fetch manifest string-width-cjs@npm:string-width@^4.2.0
236 silly packumentCache full:https://registry.npmjs.org/string-width cache-miss
237 http fetch GET 200 https://registry.npmjs.org/wrap-ansi 33ms (cache miss)
238 silly packumentCache full:https://registry.npmjs.org/wrap-ansi set size:undefined disposed:false
239 http fetch GET 200 https://registry.npmjs.org/wrap-ansi 51ms (cache miss)
240 silly packumentCache full:https://registry.npmjs.org/wrap-ansi set size:undefined disposed:false
241 http fetch GET 200 https://registry.npmjs.org/string-width 51ms (cache miss)
242 silly packumentCache full:https://registry.npmjs.org/string-width set size:undefined disposed:false
243 http fetch GET 200 https://registry.npmjs.org/string-width 70ms (cache miss)
244 silly packumentCache full:https://registry.npmjs.org/string-width set size:undefined disposed:false
245 http fetch GET 200 https://registry.npmjs.org/strip-ansi 317ms (cache miss)
246 silly packumentCache full:https://registry.npmjs.org/strip-ansi set size:undefined disposed:false
247 http fetch GET 200 https://registry.npmjs.org/strip-ansi 321ms (cache miss)
248 silly packumentCache full:https://registry.npmjs.org/strip-ansi set size:undefined disposed:false
249 silly placeDep ROOT string-width@5.1.2 OK for: @isaacs/cliui@8.0.2 want: ^5.1.2
250 silly placeDep ROOT string-width-cjs@4.2.3 OK for: @isaacs/cliui@8.0.2 want: npm:string-width@^4.2.0
251 silly placeDep ROOT strip-ansi@7.2.0 OK for: @isaacs/cliui@8.0.2 want: ^7.0.1
252 silly placeDep ROOT strip-ansi-cjs@6.0.1 OK for: @isaacs/cliui@8.0.2 want: npm:strip-ansi@^6.0.1
253 silly placeDep ROOT wrap-ansi@8.1.0 OK for: @isaacs/cliui@8.0.2 want: ^8.1.0
254 silly placeDep ROOT wrap-ansi-cjs@7.0.0 OK for: @isaacs/cliui@8.0.2 want: npm:wrap-ansi@^7.0.0
255 silly fetch manifest emoji-regex@^9.2.2
256 silly packumentCache full:https://registry.npmjs.org/emoji-regex cache-miss
257 silly fetch manifest eastasianwidth@^0.2.0
258 silly packumentCache full:https://registry.npmjs.org/eastasianwidth cache-miss
259 silly fetch manifest strip-ansi@^6.0.1
260 silly packumentCache full:https://registry.npmjs.org/strip-ansi cache-miss
261 silly fetch manifest emoji-regex@^8.0.0
262 silly packumentCache full:https://registry.npmjs.org/emoji-regex cache-miss
263 silly fetch manifest is-fullwidth-code-point@^3.0.0
264 silly packumentCache full:https://registry.npmjs.org/is-fullwidth-code-point cache-miss
265 silly fetch manifest ansi-regex@^6.2.2
266 silly packumentCache full:https://registry.npmjs.org/ansi-regex cache-miss
267 silly fetch manifest ansi-regex@^5.0.1
268 silly packumentCache full:https://registry.npmjs.org/ansi-regex cache-miss
269 http cache https://registry.npmjs.org/strip-ansi 5ms (cache hit)
270 silly packumentCache full:https://registry.npmjs.org/strip-ansi set size:44998 disposed:false
271 silly fetch manifest ansi-styles@^6.1.0
272 silly packumentCache full:https://registry.npmjs.org/ansi-styles cache-miss
273 http fetch GET 200 https://registry.npmjs.org/is-fullwidth-code-point 38ms (cache miss)
274 silly packumentCache full:https://registry.npmjs.org/is-fullwidth-code-point set size:undefined disposed:false
275 silly fetch manifest strip-ansi@^6.0.0
276 silly packumentCache full:https://registry.npmjs.org/strip-ansi cache-hit
277 silly fetch manifest ansi-styles@^4.0.0
278 silly packumentCache full:https://registry.npmjs.org/ansi-styles cache-miss
279 http fetch GET 200 https://registry.npmjs.org/eastasianwidth 39ms (cache miss)
280 silly packumentCache full:https://registry.npmjs.org/eastasianwidth set size:undefined disposed:false
281 silly fetch manifest string-width@^4.1.0
282 silly packumentCache full:https://registry.npmjs.org/string-width cache-miss
283 http fetch GET 200 https://registry.npmjs.org/emoji-regex 41ms (cache miss)
284 silly packumentCache full:https://registry.npmjs.org/emoji-regex set size:undefined disposed:false
285 http cache https://registry.npmjs.org/string-width 5ms (cache hit)
286 silly packumentCache full:https://registry.npmjs.org/string-width set size:70381 disposed:false
287 http fetch GET 200 https://registry.npmjs.org/emoji-regex 45ms (cache miss)
288 silly packumentCache full:https://registry.npmjs.org/emoji-regex set size:undefined disposed:false
289 http fetch GET 200 https://registry.npmjs.org/ansi-styles 40ms (cache miss)
290 silly packumentCache full:https://registry.npmjs.org/ansi-styles set size:undefined disposed:false
291 http fetch GET 200 https://registry.npmjs.org/ansi-regex 47ms (cache miss)
292 silly packumentCache full:https://registry.npmjs.org/ansi-regex set size:undefined disposed:false
293 http fetch GET 200 https://registry.npmjs.org/ansi-regex 50ms (cache miss)
294 silly packumentCache full:https://registry.npmjs.org/ansi-regex set size:undefined disposed:false
295 http fetch GET 200 https://registry.npmjs.org/ansi-styles 43ms (cache miss)
296 silly packumentCache full:https://registry.npmjs.org/ansi-styles set size:undefined disposed:false
297 silly placeDep ROOT abbrev@2.0.0 OK for: nopt@7.2.1 want: ^2.0.0
298 silly placeDep node_modules/path-scurry lru-cache@10.4.3 OK for: path-scurry@1.11.1 want: ^10.2.0
299 silly placeDep node_modules/react-promise-suspense fast-deep-equal@2.0.1 OK for: react-promise-suspense@0.3.4 want: ^2.0.1
300 silly placeDep ROOT parseley@0.12.1 OK for: selderee@0.11.0 want: ^0.12.0
301 silly fetch manifest leac@^0.6.0
302 silly packumentCache full:https://registry.npmjs.org/leac cache-miss
303 silly fetch manifest peberminta@^0.9.0
304 silly packumentCache full:https://registry.npmjs.org/peberminta cache-miss
305 http fetch GET 200 https://registry.npmjs.org/leac 32ms (cache miss)
306 silly packumentCache full:https://registry.npmjs.org/leac set size:undefined disposed:false
307 http fetch GET 200 https://registry.npmjs.org/peberminta 35ms (cache miss)
308 silly packumentCache full:https://registry.npmjs.org/peberminta set size:undefined disposed:false
309 silly placeDep ROOT leac@0.6.0 OK for: parseley@0.12.1 want: ^0.6.0
310 silly placeDep ROOT peberminta@0.9.0 OK for: parseley@0.12.1 want: ^0.9.0
311 silly placeDep ROOT eastasianwidth@0.2.0 OK for: string-width@5.1.2 want: ^0.2.0
312 silly placeDep ROOT emoji-regex@9.2.2 OK for: string-width@5.1.2 want: ^9.2.2
313 silly placeDep node_modules/string-width-cjs emoji-regex@8.0.0 OK for: string-width@4.2.3 want: ^8.0.0
314 silly placeDep ROOT is-fullwidth-code-point@3.0.0 OK for: string-width@4.2.3 want: ^3.0.0
315 silly placeDep node_modules/string-width-cjs strip-ansi@6.0.1 OK for: string-width@4.2.3 want: ^6.0.1
316 silly placeDep ROOT ansi-regex@6.2.2 OK for: strip-ansi@7.2.0 want: ^6.2.2
317 silly placeDep node_modules/strip-ansi-cjs ansi-regex@5.0.1 OK for: strip-ansi@6.0.1 want: ^5.0.1
318 silly placeDep ROOT ansi-styles@6.2.3 OK for: wrap-ansi@8.1.0 want: ^6.1.0
319 silly placeDep node_modules/wrap-ansi-cjs ansi-styles@4.3.0 OK for: wrap-ansi@7.0.0 want: ^4.0.0
320 silly placeDep node_modules/wrap-ansi-cjs string-width@4.2.3 OK for: wrap-ansi@7.0.0 want: ^4.1.0
321 silly placeDep node_modules/wrap-ansi-cjs strip-ansi@6.0.1 OK for: wrap-ansi@7.0.0 want: ^6.0.0
322 silly fetch manifest color-convert@^2.0.1
323 silly packumentCache full:https://registry.npmjs.org/color-convert cache-miss
324 http fetch GET 200 https://registry.npmjs.org/color-convert 48ms (cache miss)
325 silly packumentCache full:https://registry.npmjs.org/color-convert set size:undefined disposed:false
326 silly placeDep node_modules/editorconfig brace-expansion@2.1.0 OK for: minimatch@9.0.9 want: ^2.0.2
327 silly placeDep node_modules/glob brace-expansion@2.1.0 OK for: minimatch@9.0.9 want: ^2.0.2
328 silly placeDep ROOT loose-envify@1.4.0 OK for: react@18.3.1 want: ^1.1.0
329 silly fetch manifest js-tokens@^3.0.0 || ^4.0.0
330 silly packumentCache full:https://registry.npmjs.org/js-tokens cache-miss
331 http fetch GET 200 https://registry.npmjs.org/js-tokens 38ms (cache miss)
332 silly packumentCache full:https://registry.npmjs.org/js-tokens set size:undefined disposed:false
333 silly placeDep ROOT js-tokens@4.0.0 OK for: loose-envify@1.4.0 want: ^3.0.0 || ^4.0.0
334 silly placeDep node_modules/resend scheduler@0.23.2 OK for: react-dom@18.3.1 want: ^0.23.2
335 silly placeDep node_modules/string-width-cjs ansi-regex@5.0.1 OK for: strip-ansi@6.0.1 want: ^5.0.1
336 silly placeDep ROOT color-convert@2.0.1 OK for: ansi-styles@4.3.0 want: ^2.0.1
337 silly fetch manifest color-name@~1.1.4
338 silly packumentCache full:https://registry.npmjs.org/color-name cache-miss
339 http fetch GET 200 https://registry.npmjs.org/color-name 37ms (cache miss)
340 silly packumentCache full:https://registry.npmjs.org/color-name set size:undefined disposed:false
341 silly placeDep ROOT color-name@1.1.4 OK for: color-convert@2.0.1 want: ~1.1.4
342 silly placeDep node_modules/wrap-ansi-cjs emoji-regex@8.0.0 OK for: string-width@4.2.3 want: ^8.0.0
343 silly placeDep node_modules/wrap-ansi-cjs ansi-regex@5.0.1 OK for: strip-ansi@6.0.1 want: ^5.0.1
344 silly reify moves {}
345 silly audit bulk request {
345 silly audit   '@clack/core': [ '0.5.0' ],
345 silly audit   '@clack/prompts': [ '0.11.0' ],
345 silly audit   '@cspotcode/source-map-support': [ '0.8.1' ],
345 silly audit   '@electric-sql/pglite': [ '0.4.1' ],
345 silly audit   '@electric-sql/pglite-socket': [ '0.1.1' ],
345 silly audit   '@electric-sql/pglite-tools': [ '0.3.1' ],
345 silly audit   '@esbuild/aix-ppc64': [ '0.25.12' ],
345 silly audit   '@esbuild/android-arm': [ '0.25.12' ],
345 silly audit   '@esbuild/android-arm64': [ '0.25.12' ],
345 silly audit   '@esbuild/android-x64': [ '0.25.12' ],
345 silly audit   '@esbuild/darwin-arm64': [ '0.25.12' ],
345 silly audit   '@esbuild/darwin-x64': [ '0.25.12' ],
345 silly audit   '@esbuild/freebsd-arm64': [ '0.25.12' ],
345 silly audit   '@esbuild/freebsd-x64': [ '0.25.12' ],
345 silly audit   '@esbuild/linux-arm': [ '0.25.12' ],
345 silly audit   '@esbuild/linux-arm64': [ '0.25.12' ],
345 silly audit   '@esbuild/linux-ia32': [ '0.25.12' ],
345 silly audit   '@esbuild/linux-loong64': [ '0.25.12' ],
345 silly audit   '@esbuild/linux-mips64el': [ '0.25.12' ],
345 silly audit   '@esbuild/linux-ppc64': [ '0.25.12' ],
345 silly audit   '@esbuild/linux-riscv64': [ '0.25.12' ],
345 silly audit   '@esbuild/linux-s390x': [ '0.25.12' ],
345 silly audit   '@esbuild/linux-x64': [ '0.25.12' ],
345 silly audit   '@esbuild/netbsd-arm64': [ '0.25.12' ],
345 silly audit   '@esbuild/netbsd-x64': [ '0.25.12' ],
345 silly audit   '@esbuild/openbsd-arm64': [ '0.25.12' ],
345 silly audit   '@esbuild/openbsd-x64': [ '0.25.12' ],
345 silly audit   '@esbuild/openharmony-arm64': [ '0.25.12' ],
345 silly audit   '@esbuild/sunos-x64': [ '0.25.12' ],
345 silly audit   '@esbuild/win32-arm64': [ '0.25.12' ],
345 silly audit   '@esbuild/win32-ia32': [ '0.25.12' ],
345 silly audit   '@esbuild/win32-x64': [ '0.25.12' ],
345 silly audit   '@hono/node-server': [ '1.19.11' ],
345 silly audit   '@jridgewell/resolve-uri': [ '3.1.2' ],
345 silly audit   '@jridgewell/sourcemap-codec': [ '1.5.5' ],
345 silly audit   '@jridgewell/trace-mapping': [ '0.3.9' ],
345 silly audit   '@kurkle/color': [ '0.3.4' ],
345 silly audit   '@prisma/adapter-pg': [ '7.0.1' ],
345 silly audit   'postgres-array': [ '3.0.4', '2.0.0' ],
345 silly audit   '@prisma/client': [ '7.6.0' ],
345 silly audit   '@prisma/client-runtime-utils': [ '7.6.0' ],
345 silly audit   '@prisma/config': [ '7.6.0' ],
345 silly audit   '@prisma/debug': [ '7.0.1', '7.6.0', '7.2.0' ],
345 silly audit   '@prisma/dev': [ '0.24.3' ],
345 silly audit   '@prisma/driver-adapter-utils': [ '7.0.1' ],
345 silly audit   '@prisma/engines': [ '7.6.0' ],
345 silly audit   '@prisma/engines-version': [ '7.6.0-1.75cbdc1eb7150937890ad5465d861175c6624711' ],
345 silly audit   '@prisma/get-platform': [ '7.6.0', '7.2.0' ],
345 silly audit   '@prisma/fetch-engine': [ '7.6.0' ],
345 silly audit   '@prisma/query-plan-executor': [ '7.2.0' ],
345 silly audit   '@prisma/streams-local': [ '0.1.2' ],
345 silly audit   '@prisma/studio-core': [ '0.27.3' ],
345 silly audit   '@radix-ui/primitive': [ '1.1.3' ],
345 silly audit   '@radix-ui/react-compose-refs': [ '1.1.2' ],
345 silly audit   '@radix-ui/react-primitive': [ '2.1.3' ],
345 silly audit   '@radix-ui/react-slot': [ '1.2.3' ],
345 silly audit   '@radix-ui/react-toggle': [ '1.1.10' ],
345 silly audit   '@radix-ui/react-use-controllable-state': [ '1.2.2' ],
345 silly audit   '@radix-ui/react-use-effect-event': [ '0.0.2' ],
345 silly audit   '@radix-ui/react-use-layout-effect': [ '1.1.1' ],
345 silly audit   '@socket.io/component-emitter': [ '3.1.2' ],
345 silly audit   '@standard-schema/spec': [ '1.1.0' ],
345 silly audit   '@tsconfig/node10': [ '1.0.12' ],
345 silly audit   '@tsconfig/node12': [ '1.0.11' ],
345 silly audit   '@tsconfig/node14': [ '1.0.3' ],
345 silly audit   '@tsconfig/node16': [ '1.0.4' ],
345 silly audit   '@types/bcrypt': [ '6.0.0' ],
345 silly audit   '@types/body-parser': [ '1.19.6' ],
345 silly audit   '@types/connect': [ '3.4.38' ],
345 silly audit   '@types/cors': [ '2.8.19' ],
345 silly audit   '@types/express': [ '5.0.6' ],
345 silly audit   '@types/express-serve-static-core': [ '5.1.1' ],
345 silly audit   '@types/http-errors': [ '2.0.5' ],
345 silly audit   '@types/jsonwebtoken': [ '9.0.10' ],
345 silly audit   '@types/ms': [ '2.1.0' ],
345 silly audit   '@types/multer': [ '2.1.0' ],
345 silly audit   '@types/node': [ '24.12.2' ],
345 silly audit   '@types/node-cron': [ '3.0.11' ],
345 silly audit   '@types/nodemailer': [ '7.0.11' ],
345 silly audit   '@types/pg': [ '8.20.0' ],
345 silly audit   '@types/qs': [ '6.15.0' ],
345 silly audit   '@types/range-parser': [ '1.2.7' ],
345 silly audit   '@types/react': [ '19.2.14' ],
345 silly audit   '@types/send': [ '1.2.1' ],
345 silly audit   '@types/serve-static': [ '2.2.0' ],
345 silly audit   '@types/socket.io': [ '3.0.1' ],
345 silly audit   accepts: [ '2.0.0', '1.3.8' ],
345 silly audit   acorn: [ '8.15.0' ],
345 silly audit   'acorn-walk': [ '8.3.4' ],
345 silly audit   ajv: [ '8.18.0' ],
345 silly audit   anymatch: [ '3.1.3' ],
345 silly audit   'append-field': [ '1.0.0' ],
345 silly audit   arg: [ '4.1.3' ],
345 silly audit   asynckit: [ '0.4.0' ],
345 silly audit   'aws-ssl-profiles': [ '1.1.2' ],
345 silly audit   axios: [ '1.13.5' ],
345 silly audit   'balanced-match': [ '1.0.2' ],
345 silly audit   base64id: [ '2.0.0' ],
345 silly audit   bcrypt: [ '6.0.0' ],
345 silly audit   'better-result': [ '2.7.0' ],
345 silly audit   'binary-extensions': [ '2.3.0' ],
345 silly audit   'body-parser': [ '2.2.0' ],
345 silly audit   'brace-expansion': [ '1.1.12', '2.1.0' ],
345 silly audit   braces: [ '3.0.3' ],
345 silly audit   'buffer-equal-constant-time': [ '1.0.1' ],
345 silly audit   'buffer-from': [ '1.1.2' ],
345 silly audit   busboy: [ '1.6.0' ],
345 silly audit   bytes: [ '3.1.2' ],
345 silly audit   c12: [ '3.1.0' ],
345 silly audit   chokidar: [ '4.0.3', '3.6.0' ],
345 silly audit   dotenv: [ '16.6.1', '17.2.3' ],
345 silly audit   readdirp: [ '4.1.2', '3.6.0' ],
345 silly audit   'call-bind-apply-helpers': [ '1.0.2' ],
345 silly audit   'call-bound': [ '1.0.4' ],
345 silly audit   'chart.js': [ '4.5.1' ],
345 silly audit   citty: [ '0.1.6', '0.2.2' ],
345 silly audit   'combined-stream': [ '1.0.8' ],
345 silly audit   'concat-map': [ '0.0.1' ],
345 silly audit   'concat-stream': [ '2.0.0' ],
345 silly audit   confbox: [ '0.2.4' ],
345 silly audit   consola: [ '3.4.2' ],
345 silly audit   'content-disposition': [ '1.0.0' ],
345 silly audit   'content-type': [ '1.0.5' ],
345 silly audit   cookie: [ '0.7.2' ],
345 silly audit   'cookie-signature': [ '1.2.2' ],
345 silly audit   cors: [ '2.8.5' ],
345 silly audit   'create-require': [ '1.1.1' ],
345 silly audit   'cross-spawn': [ '7.0.6' ],
345 silly audit   csstype: [ '3.2.3' ],
345 silly audit   debug: [ '4.4.3' ],
345 silly audit   'deepmerge-ts': [ '7.1.5' ],
345 silly audit   defu: [ '6.1.6' ],
345 silly audit   'delayed-stream': [ '1.0.0' ],
345 silly audit   denque: [ '2.1.0' ],
345 silly audit   depd: [ '2.0.0' ],
345 silly audit   destr: [ '2.0.5' ],
345 silly audit   diff: [ '4.0.2' ],
345 silly audit   'dunder-proto': [ '1.0.1' ],
345 silly audit   'ecdsa-sig-formatter': [ '1.0.11' ],
345 silly audit   'ee-first': [ '1.1.1' ],
345 silly audit   effect: [ '3.20.0' ],
345 silly audit   empathic: [ '2.0.0' ],
345 silly audit   encodeurl: [ '2.0.0' ],
345 silly audit   'engine.io': [ '6.6.5' ],
345 silly audit   'engine.io-client': [ '6.6.4' ],
345 silly audit   'engine.io-parser': [ '5.2.3' ],
345 silly audit   'mime-db': [ '1.52.0', '1.54.0' ],
345 silly audit   'mime-types': [ '2.1.35', '3.0.1' ],
345 silly audit   negotiator: [ '0.6.3', '1.0.0' ],
345 silly audit   'env-paths': [ '3.0.0' ],
345 silly audit   'es-define-property': [ '1.0.1' ],
345 silly audit   'es-errors': [ '1.3.0' ],
345 silly audit   'es-object-atoms': [ '1.1.1' ],
345 silly audit   'es-set-tostringtag': [ '2.1.0' ],
345 silly audit   esbuild: [ '0.25.12' ],
345 silly audit   'escape-html': [ '1.0.3' ],
345 silly audit   etag: [ '1.8.1' ],
345 silly audit   express: [ '5.1.0' ],
345 silly audit   exsolve: [ '1.0.8' ],
345 silly audit   'fast-check': [ '3.23.2' ],
345 silly audit   'fast-deep-equal': [ '3.1.3', '2.0.1' ],
345 silly audit   'fast-uri': [ '3.1.0' ],
345 silly audit   'fill-range': [ '7.1.1' ],
345 silly audit   finalhandler: [ '2.1.0' ],
345 silly audit   'follow-redirects': [ '1.15.11' ],
345 silly audit   'foreground-child': [ '3.3.1' ],
345 silly audit   'form-data': [ '4.0.5' ],
345 silly audit   forwarded: [ '0.2.0' ],
345 silly audit   fresh: [ '2.0.0' ],
345 silly audit   fsevents: [ '2.3.3' ],
345 silly audit   'function-bind': [ '1.1.2' ],
345 silly audit   'generate-function': [ '2.3.1' ],
345 silly audit   'get-intrinsic': [ '1.3.0' ],
345 silly audit   'get-port-please': [ '3.2.0' ],
345 silly audit   'get-proto': [ '1.0.1' ],
345 silly audit   'get-tsconfig': [ '4.13.0' ],
345 silly audit   giget: [ '2.0.0' ],
345 silly audit   'glob-parent': [ '5.1.2' ],
345 silly audit   gopd: [ '1.2.0' ],
345 silly audit   'graceful-fs': [ '4.2.11' ],
345 silly audit   grammex: [ '3.1.12' ],
345 silly audit   graphmatch: [ '1.1.1' ],
345 silly audit   'has-flag': [ '3.0.0' ],
345 silly audit   'has-symbols': [ '1.1.0' ],
345 silly audit   'has-tostringtag': [ '1.0.2' ],
345 silly audit   hasown: [ '2.0.2' ],
345 silly audit   hono: [ '4.12.10' ],
345 silly audit   'http-errors': [ '2.0.0' ],
345 silly audit   statuses: [ '2.0.1', '2.0.2' ],
345 silly audit   'http-status-codes': [ '2.3.0' ],
345 silly audit   'iconv-lite': [ '0.6.3', '0.7.0' ],
345 silly audit   'ignore-by-default': [ '1.0.1' ],
345 silly audit   inherits: [ '2.0.4' ],
345 silly audit   'ipaddr.js': [ '1.9.1' ],
345 silly audit   'is-binary-path': [ '2.1.0' ],
345 silly audit   'is-extglob': [ '2.1.1' ],
345 silly audit   'is-glob': [ '4.0.3' ],
345 silly audit   'is-number': [ '7.0.0' ],
345 silly audit   'is-promise': [ '4.0.0' ],
345 silly audit   'is-property': [ '1.0.2' ],
345 silly audit   isexe: [ '2.0.0' ],
345 silly audit   jiti: [ '2.6.1' ],
345 silly audit   'json-schema-traverse': [ '1.0.0' ],
345 silly audit   jsonwebtoken: [ '9.0.3' ],
345 silly audit   jwa: [ '2.0.1' ],
345 silly audit   jws: [ '4.0.1' ],
345 silly audit   'lodash.includes': [ '4.3.0' ],
345 silly audit   'lodash.isboolean': [ '3.0.3' ],
345 silly audit   'lodash.isinteger': [ '4.0.4' ],
345 silly audit   'lodash.isnumber': [ '3.0.3' ],
345 silly audit   'lodash.isplainobject': [ '4.0.6' ],
345 silly audit   'lodash.isstring': [ '4.0.1' ],
345 silly audit   'lodash.once': [ '4.1.1' ],
345 silly audit   long: [ '5.3.2' ],
345 silly audit   'lru-cache': [ '7.18.3', '10.4.3' ],
345 silly audit   'lru.min': [ '1.1.3' ],
345 silly audit   'make-error': [ '1.3.6' ],
345 silly audit   'math-intrinsics': [ '1.1.0' ],
345 silly audit   'media-typer': [ '1.1.0', '0.3.0' ],
345 silly audit   'merge-descriptors': [ '2.0.0' ],
345 silly audit   minimatch: [ '3.1.2', '9.0.9' ],
345 silly audit   minimist: [ '1.2.8' ],
345 silly audit   mkdirp: [ '0.5.6' ],
345 silly audit   ms: [ '2.1.3' ],
345 silly audit   multer: [ '2.0.2' ],
345 silly audit   'type-is': [ '1.6.18', '2.0.1' ],
345 silly audit   mysql2: [ '3.15.3' ],
345 silly audit   'named-placeholders': [ '1.1.3' ],
345 silly audit   'node-addon-api': [ '8.5.0' ],
345 silly audit   'node-cron': [ '3.0.3' ],
345 silly audit   'node-fetch-native': [ '1.6.7' ],
345 silly audit   'node-gyp-build': [ '4.8.4' ],
345 silly audit   nodemailer: [ '7.0.11' ],
345 silly audit   nodemon: [ '3.1.11' ],
345 silly audit   'normalize-path': [ '3.0.0' ],
345 silly audit   nypm: [ '0.6.5' ],
345 silly audit   'object-assign': [ '4.1.1' ],
345 silly audit   'object-inspect': [ '1.13.4' ],
345 silly audit   ohash: [ '2.0.11' ],
345 silly audit   'on-finished': [ '2.4.1' ],
345 silly audit   once: [ '1.4.0' ],
345 silly audit   parseurl: [ '1.3.3' ],
345 silly audit   'path-key': [ '3.1.1' ],
345 silly audit   'path-to-regexp': [ '8.3.0' ],
345 silly audit   pathe: [ '2.0.3' ],
345 silly audit   'perfect-debounce': [ '1.0.0' ],
345 silly audit   pg: [ '8.16.3' ],
345 silly audit   'pg-cloudflare': [ '1.2.7' ],
345 silly audit   'pg-connection-string': [ '2.9.1' ],
345 silly audit   'pg-int8': [ '1.0.1' ],
345 silly audit   'pg-pool': [ '3.10.1' ],
345 silly audit   'pg-protocol': [ '1.10.3' ],
345 silly audit   'pg-types': [ '2.2.0' ],
345 silly audit   pgpass: [ '1.0.5' ],
345 silly audit   picocolors: [ '1.1.1' ],
345 silly audit   picomatch: [ '2.3.1' ],
345 silly audit   'pkg-types': [ '2.3.0' ],
345 silly audit   postgres: [ '3.4.7' ],
345 silly audit   'postgres-bytea': [ '1.0.0' ],
345 silly audit   'postgres-date': [ '1.0.7' ],
345 silly audit   'postgres-interval': [ '1.2.0' ],
345 silly audit   prisma: [ '7.6.0' ],
345 silly audit   'proper-lockfile': [ '4.1.2' ],
345 silly audit   'signal-exit': [ '3.0.7', '4.1.0' ],
345 silly audit   'proxy-addr': [ '2.0.7' ],
345 silly audit   'proxy-from-env': [ '1.1.0' ],
345 silly audit   'pstree.remy': [ '1.1.8' ],
345 silly audit   'pure-rand': [ '6.1.0' ],
345 silly audit   qs: [ '6.14.0' ],
345 silly audit   'range-parser': [ '1.2.1' ],
345 silly audit   'raw-body': [ '3.0.1' ],
345 silly audit   rc9: [ '2.1.2' ],
345 silly audit   react: [ '19.2.4', '18.3.1' ],
345 silly audit   'react-dom': [ '19.2.4', '18.3.1' ],
345 silly audit   'readable-stream': [ '3.6.2' ],
345 silly audit   remeda: [ '2.33.4' ],
345 silly audit   'require-from-string': [ '2.0.2' ],
345 silly audit   'resolve-pkg-maps': [ '1.0.0' ],
345 silly audit   retry: [ '0.12.0' ],
345 silly audit   router: [ '2.2.0' ],
345 silly audit   'safe-buffer': [ '5.2.1' ],
345 silly audit   'safer-buffer': [ '2.1.2' ],
345 silly audit   scheduler: [ '0.27.0', '0.23.2' ],
345 silly audit   semver: [ '7.7.3' ],
345 silly audit   send: [ '1.2.0' ],
345 silly audit   'seq-queue': [ '0.0.5' ],
345 silly audit   'serve-static': [ '2.2.0' ],
345 silly audit   setprototypeof: [ '1.2.0' ],
345 silly audit   'shebang-command': [ '2.0.0' ],
345 silly audit   'shebang-regex': [ '3.0.0' ],
345 silly audit   'side-channel': [ '1.1.0' ],
345 silly audit   'side-channel-list': [ '1.0.0' ],
345 silly audit   'side-channel-map': [ '1.0.1' ],
345 silly audit   'side-channel-weakmap': [ '1.0.2' ],
345 silly audit   'simple-update-notifier': [ '2.0.0' ],
345 silly audit   sisteransi: [ '1.0.5' ],
345 silly audit   'socket.io': [ '4.8.3' ],
345 silly audit   'socket.io-adapter': [ '2.5.6' ],
345 silly audit   'socket.io-client': [ '4.8.3' ],
345 silly audit   'socket.io-parser': [ '4.2.5' ],
345 silly audit   split2: [ '4.2.0' ],
345 silly audit   sqlstring: [ '2.3.3' ],
345 silly audit   'std-env': [ '3.10.0' ],
345 silly audit   streamsearch: [ '1.1.0' ],
345 silly audit   string_decoder: [ '1.3.0' ],
345 silly audit   'supports-color': [ '5.5.0' ],
345 silly audit   tinyexec: [ '1.0.4' ],
345 silly audit   'to-regex-range': [ '5.0.1' ],
345 silly audit   toidentifier: [ '1.0.1' ],
345 silly audit   touch: [ '3.1.1' ],
345 silly audit   'ts-node': [ '10.9.2' ],
345 silly audit   tsx: [ '4.20.6' ],
345 silly audit   typedarray: [ '0.0.6' ],
345 silly audit   typescript: [ '5.9.3' ],
345 silly audit   undefsafe: [ '2.0.5' ],
345 silly audit   'undici-types': [ '7.16.0' ],
345 silly audit   unpipe: [ '1.0.0' ],
345 silly audit   'util-deprecate': [ '1.0.2' ],
345 silly audit   uuid: [ '8.3.2' ],
345 silly audit   'v8-compile-cache-lib': [ '3.0.1' ],
345 silly audit   valibot: [ '1.2.0' ],
345 silly audit   vary: [ '1.1.2' ],
345 silly audit   which: [ '2.0.2' ],
345 silly audit   wrappy: [ '1.0.2' ],
345 silly audit   ws: [ '8.18.3' ],
345 silly audit   'xmlhttprequest-ssl': [ '2.1.2' ],
345 silly audit   xtend: [ '4.0.2' ],
345 silly audit   yn: [ '3.1.1' ],
345 silly audit   zeptomatch: [ '2.1.0' ],
345 silly audit   resend: [ '3.5.0' ],
345 silly audit   '@react-email/render': [ '0.0.16' ],
345 silly audit   'html-to-text': [ '9.0.5' ],
345 silly audit   'js-beautify': [ '1.15.4' ],
345 silly audit   'react-promise-suspense': [ '0.3.4' ],
345 silly audit   '@selderee/plugin-htmlparser2': [ '0.11.0' ],
345 silly audit   deepmerge: [ '4.3.1' ],
345 silly audit   'dom-serializer': [ '2.0.0' ],
345 silly audit   htmlparser2: [ '8.0.2' ],
345 silly audit   selderee: [ '0.11.0' ],
345 silly audit   domhandler: [ '5.0.3' ],
345 silly audit   domelementtype: [ '2.3.0' ],
345 silly audit   entities: [ '4.5.0' ],
345 silly audit   domutils: [ '3.2.2' ],
345 silly audit   'config-chain': [ '1.1.13' ],
345 silly audit   editorconfig: [ '1.0.7' ],
345 silly audit   glob: [ '10.5.0' ],
345 silly audit   'js-cookie': [ '3.0.5' ],
345 silly audit   nopt: [ '7.2.1' ],
345 silly audit   ini: [ '1.3.8' ],
345 silly audit   'proto-list': [ '1.2.4' ],
345 silly audit   '@one-ini/wasm': [ '0.1.1' ],
345 silly audit   commander: [ '10.0.1' ],
345 silly audit   jackspeak: [ '3.4.3' ],
345 silly audit   minipass: [ '7.1.3' ],
345 silly audit   'package-json-from-dist': [ '1.0.1' ],
345 silly audit   'path-scurry': [ '1.11.1' ],
345 silly audit   '@isaacs/cliui': [ '8.0.2' ],
345 silly audit   '@pkgjs/parseargs': [ '0.11.0' ],
345 silly audit   'string-width': [ '5.1.2', '4.2.3' ],
345 silly audit   'strip-ansi': [ '7.2.0', '6.0.1' ],
345 silly audit   'wrap-ansi': [ '8.1.0', '7.0.0' ],
345 silly audit   abbrev: [ '2.0.0' ],
345 silly audit   parseley: [ '0.12.1' ],
345 silly audit   leac: [ '0.6.0' ],
345 silly audit   peberminta: [ '0.9.0' ],
345 silly audit   eastasianwidth: [ '0.2.0' ],
345 silly audit   'emoji-regex': [ '9.2.2', '8.0.0' ],
345 silly audit   'is-fullwidth-code-point': [ '3.0.0' ],
345 silly audit   'ansi-regex': [ '6.2.2', '5.0.1' ],
345 silly audit   'ansi-styles': [ '6.2.3', '4.3.0' ],
345 silly audit   'loose-envify': [ '1.4.0' ],
345 silly audit   'js-tokens': [ '4.0.0' ],
345 silly audit   'color-convert': [ '2.0.1' ],
345 silly audit   'color-name': [ '1.1.4' ]
345 silly audit }
346 verbose reify failed optional dependency /Users/hemy/Downloads/FYPCODE/backend/node_modules/@esbuild/win32-x64
347 silly reify mark deleted [
347 silly reify   '/Users/hemy/Downloads/FYPCODE/backend/node_modules/@esbuild/win32-x64'
347 silly reify ]
348 verbose reify failed optional dependency /Users/hemy/Downloads/FYPCODE/backend/node_modules/@esbuild/win32-ia32
349 silly reify mark deleted [
349 silly reify   '/Users/hemy/Downloads/FYPCODE/backend/node_modules/@esbuild/win32-ia32'
349 silly reify ]
350 verbose reify failed optional dependency /Users/hemy/Downloads/FYPCODE/backend/node_modules/@esbuild/win32-arm64
351 silly reify mark deleted [
351 silly reify   '/Users/hemy/Downloads/FYPCODE/backend/node_modules/@esbuild/win32-arm64'
351 silly reify ]
352 verbose reify failed optional dependency /Users/hemy/Downloads/FYPCODE/backend/node_modules/@esbuild/sunos-x64
353 silly reify mark deleted [
353 silly reify   '/Users/hemy/Downloads/FYPCODE/backend/node_modules/@esbuild/sunos-x64'
353 silly reify ]
354 verbose reify failed optional dependency /Users/hemy/Downloads/FYPCODE/backend/node_modules/@esbuild/openharmony-arm64
355 silly reify mark deleted [
355 silly reify   '/Users/hemy/Downloads/FYPCODE/backend/node_modules/@esbuild/openharmony-arm64'
355 silly reify ]
356 verbose reify failed optional dependency /Users/hemy/Downloads/FYPCODE/backend/node_modules/@esbuild/openbsd-x64
357 silly reify mark deleted [
357 silly reify   '/Users/hemy/Downloads/FYPCODE/backend/node_modules/@esbuild/openbsd-x64'
357 silly reify ]
358 verbose reify failed optional dependency /Users/hemy/Downloads/FYPCODE/backend/node_modules/@esbuild/openbsd-arm64
359 silly reify mark deleted [
359 silly reify   '/Users/hemy/Downloads/FYPCODE/backend/node_modules/@esbuild/openbsd-arm64'
359 silly reify ]
360 verbose reify failed optional dependency /Users/hemy/Downloads/FYPCODE/backend/node_modules/@esbuild/netbsd-x64
361 silly reify mark deleted [
361 silly reify   '/Users/hemy/Downloads/FYPCODE/backend/node_modules/@esbuild/netbsd-x64'
361 silly reify ]
362 verbose reify failed optional dependency /Users/hemy/Downloads/FYPCODE/backend/node_modules/@esbuild/netbsd-arm64
363 silly reify mark deleted [
363 silly reify   '/Users/hemy/Downloads/FYPCODE/backend/node_modules/@esbuild/netbsd-arm64'
363 silly reify ]
364 verbose reify failed optional dependency /Users/hemy/Downloads/FYPCODE/backend/node_modules/@esbuild/linux-x64
365 silly reify mark deleted [
365 silly reify   '/Users/hemy/Downloads/FYPCODE/backend/node_modules/@esbuild/linux-x64'
365 silly reify ]
366 verbose reify failed optional dependency /Users/hemy/Downloads/FYPCODE/backend/node_modules/@esbuild/linux-s390x
367 silly reify mark deleted [
367 silly reify   '/Users/hemy/Downloads/FYPCODE/backend/node_modules/@esbuild/linux-s390x'
367 silly reify ]
368 verbose reify failed optional dependency /Users/hemy/Downloads/FYPCODE/backend/node_modules/@esbuild/linux-riscv64
369 silly reify mark deleted [
369 silly reify   '/Users/hemy/Downloads/FYPCODE/backend/node_modules/@esbuild/linux-riscv64'
369 silly reify ]
370 verbose reify failed optional dependency /Users/hemy/Downloads/FYPCODE/backend/node_modules/@esbuild/linux-ppc64
371 silly reify mark deleted [
371 silly reify   '/Users/hemy/Downloads/FYPCODE/backend/node_modules/@esbuild/linux-ppc64'
371 silly reify ]
372 verbose reify failed optional dependency /Users/hemy/Downloads/FYPCODE/backend/node_modules/@esbuild/linux-mips64el
373 silly reify mark deleted [
373 silly reify   '/Users/hemy/Downloads/FYPCODE/backend/node_modules/@esbuild/linux-mips64el'
373 silly reify ]
374 verbose reify failed optional dependency /Users/hemy/Downloads/FYPCODE/backend/node_modules/@esbuild/linux-loong64
375 silly reify mark deleted [
375 silly reify   '/Users/hemy/Downloads/FYPCODE/backend/node_modules/@esbuild/linux-loong64'
375 silly reify ]
376 verbose reify failed optional dependency /Users/hemy/Downloads/FYPCODE/backend/node_modules/@esbuild/linux-ia32
377 silly reify mark deleted [
377 silly reify   '/Users/hemy/Downloads/FYPCODE/backend/node_modules/@esbuild/linux-ia32'
377 silly reify ]
378 verbose reify failed optional dependency /Users/hemy/Downloads/FYPCODE/backend/node_modules/@esbuild/linux-arm64
379 silly reify mark deleted [
379 silly reify   '/Users/hemy/Downloads/FYPCODE/backend/node_modules/@esbuild/linux-arm64'
379 silly reify ]
380 verbose reify failed optional dependency /Users/hemy/Downloads/FYPCODE/backend/node_modules/@esbuild/linux-arm
381 silly reify mark deleted [
381 silly reify   '/Users/hemy/Downloads/FYPCODE/backend/node_modules/@esbuild/linux-arm'
381 silly reify ]
382 verbose reify failed optional dependency /Users/hemy/Downloads/FYPCODE/backend/node_modules/@esbuild/freebsd-x64
383 silly reify mark deleted [
383 silly reify   '/Users/hemy/Downloads/FYPCODE/backend/node_modules/@esbuild/freebsd-x64'
383 silly reify ]
384 verbose reify failed optional dependency /Users/hemy/Downloads/FYPCODE/backend/node_modules/@esbuild/freebsd-arm64
385 silly reify mark deleted [
385 silly reify   '/Users/hemy/Downloads/FYPCODE/backend/node_modules/@esbuild/freebsd-arm64'
385 silly reify ]
386 verbose reify failed optional dependency /Users/hemy/Downloads/FYPCODE/backend/node_modules/@esbuild/darwin-x64
387 silly reify mark deleted [
387 silly reify   '/Users/hemy/Downloads/FYPCODE/backend/node_modules/@esbuild/darwin-x64'
387 silly reify ]
388 verbose reify failed optional dependency /Users/hemy/Downloads/FYPCODE/backend/node_modules/@esbuild/android-x64
389 silly reify mark deleted [
389 silly reify   '/Users/hemy/Downloads/FYPCODE/backend/node_modules/@esbuild/android-x64'
389 silly reify ]
390 verbose reify failed optional dependency /Users/hemy/Downloads/FYPCODE/backend/node_modules/@esbuild/android-arm64
391 silly reify mark deleted [
391 silly reify   '/Users/hemy/Downloads/FYPCODE/backend/node_modules/@esbuild/android-arm64'
391 silly reify ]
392 verbose reify failed optional dependency /Users/hemy/Downloads/FYPCODE/backend/node_modules/@esbuild/android-arm
393 silly reify mark deleted [
393 silly reify   '/Users/hemy/Downloads/FYPCODE/backend/node_modules/@esbuild/android-arm'
393 silly reify ]
394 verbose reify failed optional dependency /Users/hemy/Downloads/FYPCODE/backend/node_modules/@esbuild/aix-ppc64
395 silly reify mark deleted [
395 silly reify   '/Users/hemy/Downloads/FYPCODE/backend/node_modules/@esbuild/aix-ppc64'
395 silly reify ]
396 http cache color-name@https://registry.npmjs.org/color-name/-/color-name-1.1.4.tgz 1ms (cache hit)
397 http cache color-convert@https://registry.npmjs.org/color-convert/-/color-convert-2.0.1.tgz 0ms (cache hit)
398 http cache loose-envify@https://registry.npmjs.org/loose-envify/-/loose-envify-1.4.0.tgz 0ms (cache hit)
399 http cache js-tokens@https://registry.npmjs.org/js-tokens/-/js-tokens-4.0.0.tgz 0ms (cache hit)
400 http cache eastasianwidth@https://registry.npmjs.org/eastasianwidth/-/eastasianwidth-0.2.0.tgz 0ms (cache hit)
401 http cache ansi-styles@https://registry.npmjs.org/ansi-styles/-/ansi-styles-6.2.3.tgz 0ms (cache hit)
402 http cache ansi-regex@https://registry.npmjs.org/ansi-regex/-/ansi-regex-6.2.2.tgz 0ms (cache hit)
403 http cache emoji-regex@https://registry.npmjs.org/emoji-regex/-/emoji-regex-9.2.2.tgz 0ms (cache hit)
404 http cache parseley@https://registry.npmjs.org/parseley/-/parseley-0.12.1.tgz 0ms (cache hit)
405 http cache leac@https://registry.npmjs.org/leac/-/leac-0.6.0.tgz 0ms (cache hit)
406 http cache peberminta@https://registry.npmjs.org/peberminta/-/peberminta-0.9.0.tgz 0ms (cache hit)
407 http cache wrap-ansi-cjs@https://registry.npmjs.org/wrap-ansi/-/wrap-ansi-7.0.0.tgz 0ms (cache hit)
408 http cache string-width@https://registry.npmjs.org/string-width/-/string-width-5.1.2.tgz 0ms (cache hit)
409 http cache strip-ansi@https://registry.npmjs.org/strip-ansi/-/strip-ansi-7.2.0.tgz 0ms (cache hit)
410 http cache abbrev@https://registry.npmjs.org/abbrev/-/abbrev-2.0.0.tgz 0ms (cache hit)
411 http cache string-width-cjs@https://registry.npmjs.org/string-width/-/string-width-4.2.3.tgz 0ms (cache hit)
412 http cache @pkgjs/parseargs@https://registry.npmjs.org/@pkgjs/parseargs/-/parseargs-0.11.0.tgz 0ms (cache hit)
413 http cache package-json-from-dist@https://registry.npmjs.org/package-json-from-dist/-/package-json-from-dist-1.0.1.tgz 0ms (cache hit)
414 http cache path-scurry@https://registry.npmjs.org/path-scurry/-/path-scurry-1.11.1.tgz 0ms (cache hit)
415 http cache minipass@https://registry.npmjs.org/minipass/-/minipass-7.1.3.tgz 0ms (cache hit)
416 http cache strip-ansi-cjs@https://registry.npmjs.org/strip-ansi/-/strip-ansi-6.0.1.tgz 0ms (cache hit)
417 http cache @one-ini/wasm@https://registry.npmjs.org/@one-ini/wasm/-/wasm-0.1.1.tgz 0ms (cache hit)
418 http cache nopt@https://registry.npmjs.org/nopt/-/nopt-7.2.1.tgz 0ms (cache hit)
419 http cache wrap-ansi@https://registry.npmjs.org/wrap-ansi/-/wrap-ansi-8.1.0.tgz 0ms (cache hit)
420 http cache @isaacs/cliui@https://registry.npmjs.org/@isaacs/cliui/-/cliui-8.0.2.tgz 0ms (cache hit)
421 http cache is-fullwidth-code-point@https://registry.npmjs.org/is-fullwidth-code-point/-/is-fullwidth-code-point-3.0.0.tgz 0ms (cache hit)
422 http cache proto-list@https://registry.npmjs.org/proto-list/-/proto-list-1.2.4.tgz 0ms (cache hit)
423 http cache ini@https://registry.npmjs.org/ini/-/ini-1.3.8.tgz 0ms (cache hit)
424 http cache config-chain@https://registry.npmjs.org/config-chain/-/config-chain-1.1.13.tgz 0ms (cache hit)
425 http cache editorconfig@https://registry.npmjs.org/editorconfig/-/editorconfig-1.0.7.tgz 0ms (cache hit)
426 http cache glob@https://registry.npmjs.org/glob/-/glob-10.5.0.tgz 0ms (cache hit)
427 http cache js-cookie@https://registry.npmjs.org/js-cookie/-/js-cookie-3.0.5.tgz 0ms (cache hit)
428 http cache jackspeak@https://registry.npmjs.org/jackspeak/-/jackspeak-3.4.3.tgz 0ms (cache hit)
429 http cache entities@https://registry.npmjs.org/entities/-/entities-4.5.0.tgz 0ms (cache hit)
430 http cache selderee@https://registry.npmjs.org/selderee/-/selderee-0.11.0.tgz 0ms (cache hit)
431 http cache htmlparser2@https://registry.npmjs.org/htmlparser2/-/htmlparser2-8.0.2.tgz 0ms (cache hit)
432 http cache commander@https://registry.npmjs.org/commander/-/commander-10.0.1.tgz 0ms (cache hit)
433 http cache @selderee/plugin-htmlparser2@https://registry.npmjs.org/@selderee/plugin-htmlparser2/-/plugin-htmlparser2-0.11.0.tgz 0ms (cache hit)
434 http cache js-beautify@https://registry.npmjs.org/js-beautify/-/js-beautify-1.15.4.tgz 0ms (cache hit)
435 http cache react-promise-suspense@https://registry.npmjs.org/react-promise-suspense/-/react-promise-suspense-0.3.4.tgz 0ms (cache hit)
436 http cache domutils@https://registry.npmjs.org/domutils/-/domutils-3.2.2.tgz 0ms (cache hit)
437 http cache domhandler@https://registry.npmjs.org/domhandler/-/domhandler-5.0.3.tgz 0ms (cache hit)
438 http cache html-to-text@https://registry.npmjs.org/html-to-text/-/html-to-text-9.0.5.tgz 0ms (cache hit)
439 http cache dom-serializer@https://registry.npmjs.org/dom-serializer/-/dom-serializer-2.0.0.tgz 0ms (cache hit)
440 http cache domelementtype@https://registry.npmjs.org/domelementtype/-/domelementtype-2.3.0.tgz 0ms (cache hit)
441 http cache ansi-regex@https://registry.npmjs.org/ansi-regex/-/ansi-regex-5.0.1.tgz 0ms (cache hit)
442 http cache emoji-regex@https://registry.npmjs.org/emoji-regex/-/emoji-regex-8.0.0.tgz 0ms (cache hit)
443 http cache ansi-styles@https://registry.npmjs.org/ansi-styles/-/ansi-styles-4.3.0.tgz 0ms (cache hit)
444 http cache string-width@https://registry.npmjs.org/string-width/-/string-width-4.2.3.tgz 0ms (cache hit)
445 http cache strip-ansi@https://registry.npmjs.org/strip-ansi/-/strip-ansi-6.0.1.tgz 0ms (cache hit)
446 http cache resend@https://registry.npmjs.org/resend/-/resend-3.5.0.tgz 0ms (cache hit)
447 http cache strip-ansi@https://registry.npmjs.org/strip-ansi/-/strip-ansi-6.0.1.tgz 0ms (cache hit)
448 http cache emoji-regex@https://registry.npmjs.org/emoji-regex/-/emoji-regex-8.0.0.tgz 0ms (cache hit)
449 http cache brace-expansion@https://registry.npmjs.org/brace-expansion/-/brace-expansion-2.1.0.tgz 0ms (cache hit)
450 http cache minimatch@https://registry.npmjs.org/minimatch/-/minimatch-9.0.9.tgz 0ms (cache hit)
451 http cache minimatch@https://registry.npmjs.org/minimatch/-/minimatch-9.0.9.tgz 0ms (cache hit)
452 http cache brace-expansion@https://registry.npmjs.org/brace-expansion/-/brace-expansion-2.1.0.tgz 0ms (cache hit)
453 http cache ansi-regex@https://registry.npmjs.org/ansi-regex/-/ansi-regex-5.0.1.tgz 0ms (cache hit)
454 http cache react-dom@https://registry.npmjs.org/react-dom/-/react-dom-18.3.1.tgz 0ms (cache hit)
455 http cache fast-deep-equal@https://registry.npmjs.org/fast-deep-equal/-/fast-deep-equal-2.0.1.tgz 0ms (cache hit)
456 http cache ansi-regex@https://registry.npmjs.org/ansi-regex/-/ansi-regex-5.0.1.tgz 0ms (cache hit)
457 http cache scheduler@https://registry.npmjs.org/scheduler/-/scheduler-0.23.2.tgz 0ms (cache hit)
458 http cache react@https://registry.npmjs.org/react/-/react-18.3.1.tgz 0ms (cache hit)
459 silly tarball no local data for color-name@https://registry.npmjs.org/color-name/-/color-name-1.1.4.tgz. Extracting by manifest.
460 http cache lru-cache@https://registry.npmjs.org/lru-cache/-/lru-cache-10.4.3.tgz 0ms (cache hit)
461 silly tarball no local data for color-convert@https://registry.npmjs.org/color-convert/-/color-convert-2.0.1.tgz. Extracting by manifest.
462 silly tarball no local data for loose-envify@https://registry.npmjs.org/loose-envify/-/loose-envify-1.4.0.tgz. Extracting by manifest.
463 silly tarball no local data for js-tokens@https://registry.npmjs.org/js-tokens/-/js-tokens-4.0.0.tgz. Extracting by manifest.
464 http cache @react-email/render@https://registry.npmjs.org/@react-email/render/-/render-0.0.16.tgz 0ms (cache hit)
465 silly tarball no local data for eastasianwidth@https://registry.npmjs.org/eastasianwidth/-/eastasianwidth-0.2.0.tgz. Extracting by manifest.
466 silly tarball no local data for ansi-styles@https://registry.npmjs.org/ansi-styles/-/ansi-styles-6.2.3.tgz. Extracting by manifest.
467 silly tarball no local data for ansi-regex@https://registry.npmjs.org/ansi-regex/-/ansi-regex-6.2.2.tgz. Extracting by manifest.
468 silly tarball no local data for emoji-regex@https://registry.npmjs.org/emoji-regex/-/emoji-regex-9.2.2.tgz. Extracting by manifest.
469 silly tarball no local data for parseley@https://registry.npmjs.org/parseley/-/parseley-0.12.1.tgz. Extracting by manifest.
470 silly tarball no local data for leac@https://registry.npmjs.org/leac/-/leac-0.6.0.tgz. Extracting by manifest.
471 silly tarball no local data for peberminta@https://registry.npmjs.org/peberminta/-/peberminta-0.9.0.tgz. Extracting by manifest.
472 silly tarball no local data for wrap-ansi-cjs@https://registry.npmjs.org/wrap-ansi/-/wrap-ansi-7.0.0.tgz. Extracting by manifest.
473 silly tarball no local data for string-width@https://registry.npmjs.org/string-width/-/string-width-5.1.2.tgz. Extracting by manifest.
474 silly tarball no local data for strip-ansi@https://registry.npmjs.org/strip-ansi/-/strip-ansi-7.2.0.tgz. Extracting by manifest.
475 silly tarball no local data for abbrev@https://registry.npmjs.org/abbrev/-/abbrev-2.0.0.tgz. Extracting by manifest.
476 silly tarball no local data for string-width-cjs@https://registry.npmjs.org/string-width/-/string-width-4.2.3.tgz. Extracting by manifest.
477 silly tarball no local data for @pkgjs/parseargs@https://registry.npmjs.org/@pkgjs/parseargs/-/parseargs-0.11.0.tgz. Extracting by manifest.
478 silly tarball no local data for package-json-from-dist@https://registry.npmjs.org/package-json-from-dist/-/package-json-from-dist-1.0.1.tgz. Extracting by manifest.
479 silly tarball no local data for path-scurry@https://registry.npmjs.org/path-scurry/-/path-scurry-1.11.1.tgz. Extracting by manifest.
480 silly tarball no local data for minipass@https://registry.npmjs.org/minipass/-/minipass-7.1.3.tgz. Extracting by manifest.
481 silly tarball no local data for strip-ansi-cjs@https://registry.npmjs.org/strip-ansi/-/strip-ansi-6.0.1.tgz. Extracting by manifest.
482 silly tarball no local data for @one-ini/wasm@https://registry.npmjs.org/@one-ini/wasm/-/wasm-0.1.1.tgz. Extracting by manifest.
483 silly tarball no local data for nopt@https://registry.npmjs.org/nopt/-/nopt-7.2.1.tgz. Extracting by manifest.
484 silly tarball no local data for wrap-ansi@https://registry.npmjs.org/wrap-ansi/-/wrap-ansi-8.1.0.tgz. Extracting by manifest.
485 silly tarball no local data for @isaacs/cliui@https://registry.npmjs.org/@isaacs/cliui/-/cliui-8.0.2.tgz. Extracting by manifest.
486 silly tarball no local data for is-fullwidth-code-point@https://registry.npmjs.org/is-fullwidth-code-point/-/is-fullwidth-code-point-3.0.0.tgz. Extracting by manifest.
487 silly tarball no local data for proto-list@https://registry.npmjs.org/proto-list/-/proto-list-1.2.4.tgz. Extracting by manifest.
488 silly tarball no local data for ini@https://registry.npmjs.org/ini/-/ini-1.3.8.tgz. Extracting by manifest.
489 silly tarball no local data for config-chain@https://registry.npmjs.org/config-chain/-/config-chain-1.1.13.tgz. Extracting by manifest.
490 silly tarball no local data for editorconfig@https://registry.npmjs.org/editorconfig/-/editorconfig-1.0.7.tgz. Extracting by manifest.
491 silly tarball no local data for glob@https://registry.npmjs.org/glob/-/glob-10.5.0.tgz. Extracting by manifest.
492 silly tarball no local data for js-cookie@https://registry.npmjs.org/js-cookie/-/js-cookie-3.0.5.tgz. Extracting by manifest.
493 silly tarball no local data for jackspeak@https://registry.npmjs.org/jackspeak/-/jackspeak-3.4.3.tgz. Extracting by manifest.
494 silly tarball no local data for entities@https://registry.npmjs.org/entities/-/entities-4.5.0.tgz. Extracting by manifest.
495 silly tarball no local data for selderee@https://registry.npmjs.org/selderee/-/selderee-0.11.0.tgz. Extracting by manifest.
496 silly tarball no local data for htmlparser2@https://registry.npmjs.org/htmlparser2/-/htmlparser2-8.0.2.tgz. Extracting by manifest.
497 silly tarball no local data for commander@https://registry.npmjs.org/commander/-/commander-10.0.1.tgz. Extracting by manifest.
498 http cache deepmerge@https://registry.npmjs.org/deepmerge/-/deepmerge-4.3.1.tgz 0ms (cache hit)
499 silly tarball no local data for js-beautify@https://registry.npmjs.org/js-beautify/-/js-beautify-1.15.4.tgz. Extracting by manifest.
500 silly tarball no local data for react-promise-suspense@https://registry.npmjs.org/react-promise-suspense/-/react-promise-suspense-0.3.4.tgz. Extracting by manifest.
501 silly tarball no local data for @selderee/plugin-htmlparser2@https://registry.npmjs.org/@selderee/plugin-htmlparser2/-/plugin-htmlparser2-0.11.0.tgz. Extracting by manifest.
502 silly tarball no local data for domutils@https://registry.npmjs.org/domutils/-/domutils-3.2.2.tgz. Extracting by manifest.
503 silly tarball no local data for domhandler@https://registry.npmjs.org/domhandler/-/domhandler-5.0.3.tgz. Extracting by manifest.
504 silly tarball no local data for html-to-text@https://registry.npmjs.org/html-to-text/-/html-to-text-9.0.5.tgz. Extracting by manifest.
505 silly tarball no local data for dom-serializer@https://registry.npmjs.org/dom-serializer/-/dom-serializer-2.0.0.tgz. Extracting by manifest.
506 silly tarball no local data for domelementtype@https://registry.npmjs.org/domelementtype/-/domelementtype-2.3.0.tgz. Extracting by manifest.
507 silly tarball no local data for ansi-regex@https://registry.npmjs.org/ansi-regex/-/ansi-regex-5.0.1.tgz. Extracting by manifest.
508 silly tarball no local data for emoji-regex@https://registry.npmjs.org/emoji-regex/-/emoji-regex-8.0.0.tgz. Extracting by manifest.
509 silly tarball no local data for ansi-styles@https://registry.npmjs.org/ansi-styles/-/ansi-styles-4.3.0.tgz. Extracting by manifest.
510 silly tarball no local data for string-width@https://registry.npmjs.org/string-width/-/string-width-4.2.3.tgz. Extracting by manifest.
511 silly tarball no local data for strip-ansi@https://registry.npmjs.org/strip-ansi/-/strip-ansi-6.0.1.tgz. Extracting by manifest.
512 silly tarball no local data for resend@https://registry.npmjs.org/resend/-/resend-3.5.0.tgz. Extracting by manifest.
513 silly tarball no local data for strip-ansi@https://registry.npmjs.org/strip-ansi/-/strip-ansi-6.0.1.tgz. Extracting by manifest.
514 silly tarball no local data for emoji-regex@https://registry.npmjs.org/emoji-regex/-/emoji-regex-8.0.0.tgz. Extracting by manifest.
515 silly tarball no local data for brace-expansion@https://registry.npmjs.org/brace-expansion/-/brace-expansion-2.1.0.tgz. Extracting by manifest.
516 silly tarball no local data for minimatch@https://registry.npmjs.org/minimatch/-/minimatch-9.0.9.tgz. Extracting by manifest.
517 silly tarball no local data for minimatch@https://registry.npmjs.org/minimatch/-/minimatch-9.0.9.tgz. Extracting by manifest.
518 silly tarball no local data for brace-expansion@https://registry.npmjs.org/brace-expansion/-/brace-expansion-2.1.0.tgz. Extracting by manifest.
519 silly tarball no local data for ansi-regex@https://registry.npmjs.org/ansi-regex/-/ansi-regex-5.0.1.tgz. Extracting by manifest.
520 silly tarball no local data for react-dom@https://registry.npmjs.org/react-dom/-/react-dom-18.3.1.tgz. Extracting by manifest.
521 silly tarball no local data for fast-deep-equal@https://registry.npmjs.org/fast-deep-equal/-/fast-deep-equal-2.0.1.tgz. Extracting by manifest.
522 silly tarball no local data for ansi-regex@https://registry.npmjs.org/ansi-regex/-/ansi-regex-5.0.1.tgz. Extracting by manifest.
523 silly tarball no local data for scheduler@https://registry.npmjs.org/scheduler/-/scheduler-0.23.2.tgz. Extracting by manifest.
524 silly tarball no local data for react@https://registry.npmjs.org/react/-/react-18.3.1.tgz. Extracting by manifest.
525 silly tarball no local data for lru-cache@https://registry.npmjs.org/lru-cache/-/lru-cache-10.4.3.tgz. Extracting by manifest.
526 silly tarball no local data for @react-email/render@https://registry.npmjs.org/@react-email/render/-/render-0.0.16.tgz. Extracting by manifest.
527 silly tarball no local data for deepmerge@https://registry.npmjs.org/deepmerge/-/deepmerge-4.3.1.tgz. Extracting by manifest.
528 http fetch GET 200 https://registry.npmjs.org/eastasianwidth/-/eastasianwidth-0.2.0.tgz 67ms (cache miss)
529 http fetch GET 200 https://registry.npmjs.org/ansi-styles/-/ansi-styles-6.2.3.tgz 68ms (cache miss)
530 http fetch GET 200 https://registry.npmjs.org/color-convert/-/color-convert-2.0.1.tgz 69ms (cache miss)
531 http fetch GET 200 https://registry.npmjs.org/loose-envify/-/loose-envify-1.4.0.tgz 69ms (cache miss)
532 http fetch GET 200 https://registry.npmjs.org/color-name/-/color-name-1.1.4.tgz 71ms (cache miss)
533 http fetch GET 200 https://registry.npmjs.org/ansi-regex/-/ansi-regex-6.2.2.tgz 89ms (cache miss)
534 http fetch GET 200 https://registry.npmjs.org/wrap-ansi/-/wrap-ansi-7.0.0.tgz 88ms (cache miss)
535 http fetch GET 200 https://registry.npmjs.org/strip-ansi/-/strip-ansi-7.2.0.tgz 89ms (cache miss)
536 http fetch GET 200 https://registry.npmjs.org/string-width/-/string-width-4.2.3.tgz 95ms (cache miss)
537 http fetch GET 200 https://registry.npmjs.org/abbrev/-/abbrev-2.0.0.tgz 95ms (cache miss)
538 http fetch GET 200 https://registry.npmjs.org/leac/-/leac-0.6.0.tgz 97ms (cache miss)
539 http fetch GET 200 https://registry.npmjs.org/package-json-from-dist/-/package-json-from-dist-1.0.1.tgz 100ms (cache miss)
540 http fetch GET 200 https://registry.npmjs.org/peberminta/-/peberminta-0.9.0.tgz 108ms (cache miss)
541 http fetch GET 200 https://registry.npmjs.org/strip-ansi/-/strip-ansi-6.0.1.tgz 117ms (cache miss)
542 http fetch GET 200 https://registry.npmjs.org/path-scurry/-/path-scurry-1.11.1.tgz 127ms (cache miss)
543 http fetch GET 200 https://registry.npmjs.org/nopt/-/nopt-7.2.1.tgz 131ms (cache miss)
544 http fetch GET 200 https://registry.npmjs.org/is-fullwidth-code-point/-/is-fullwidth-code-point-3.0.0.tgz 142ms (cache miss)
545 http fetch GET 200 https://registry.npmjs.org/wrap-ansi/-/wrap-ansi-8.1.0.tgz 142ms (cache miss)
546 http fetch GET 200 https://registry.npmjs.org/proto-list/-/proto-list-1.2.4.tgz 146ms (cache miss)
547 http fetch GET 200 https://registry.npmjs.org/minipass/-/minipass-7.1.3.tgz 148ms (cache miss)
548 http fetch GET 200 https://registry.npmjs.org/ini/-/ini-1.3.8.tgz 151ms (cache miss)
549 http fetch GET 200 https://registry.npmjs.org/config-chain/-/config-chain-1.1.13.tgz 161ms (cache miss)
550 http fetch GET 200 https://registry.npmjs.org/js-cookie/-/js-cookie-3.0.5.tgz 181ms (cache miss)
551 http fetch GET 200 https://registry.npmjs.org/jackspeak/-/jackspeak-3.4.3.tgz 188ms (cache miss)
552 http fetch GET 200 https://registry.npmjs.org/glob/-/glob-10.5.0.tgz 192ms (cache miss)
553 warn deprecated glob@10.5.0: Old versions of glob are not supported, and contain widely publicized security vulnerabilities, which have been fixed in the current version. Please update. Support for old versions may be purchased (at exorbitant rates) by contacting i@izs.me
554 http fetch GET 200 https://registry.npmjs.org/selderee/-/selderee-0.11.0.tgz 200ms (cache miss)
555 http fetch GET 200 https://registry.npmjs.org/htmlparser2/-/htmlparser2-8.0.2.tgz 205ms (cache miss)
556 http fetch GET 200 https://registry.npmjs.org/entities/-/entities-4.5.0.tgz 209ms (cache miss)
557 http fetch GET 200 https://registry.npmjs.org/react-promise-suspense/-/react-promise-suspense-0.3.4.tgz 211ms (cache miss)
558 http fetch GET 200 https://registry.npmjs.org/commander/-/commander-10.0.1.tgz 219ms (cache miss)
559 http fetch GET 200 https://registry.npmjs.org/domhandler/-/domhandler-5.0.3.tgz 238ms (cache miss)
560 http fetch GET 200 https://registry.npmjs.org/domutils/-/domutils-3.2.2.tgz 255ms (cache miss)
561 http fetch GET 200 https://registry.npmjs.org/js-beautify/-/js-beautify-1.15.4.tgz 256ms (cache miss)
562 http fetch GET 200 https://registry.npmjs.org/html-to-text/-/html-to-text-9.0.5.tgz 255ms (cache miss)
563 http fetch GET 200 https://registry.npmjs.org/dom-serializer/-/dom-serializer-2.0.0.tgz 263ms (cache miss)
564 http fetch GET 200 https://registry.npmjs.org/domelementtype/-/domelementtype-2.3.0.tgz 277ms (cache miss)
565 http fetch GET 200 https://registry.npmjs.org/js-tokens/-/js-tokens-4.0.0.tgz 281ms (cache miss)
566 http fetch GET 200 https://registry.npmjs.org/ansi-regex/-/ansi-regex-5.0.1.tgz 277ms (cache miss)
567 http fetch GET 200 https://registry.npmjs.org/ansi-styles/-/ansi-styles-4.3.0.tgz 285ms (cache miss)
568 http fetch GET 200 https://registry.npmjs.org/emoji-regex/-/emoji-regex-8.0.0.tgz 288ms (cache miss)
569 http fetch POST 200 https://registry.npmjs.org/-/npm/v1/security/advisories/bulk 308ms
570 silly audit report {
570 silly audit report   '@hono/node-server': [
570 silly audit report     {
570 silly audit report       id: 1116281,
570 silly audit report       url: 'https://github.com/advisories/GHSA-92pp-h63x-v22m',
570 silly audit report       title: '@hono/node-server: Middleware bypass via repeated slashes in serveStatic',
570 silly audit report       severity: 'moderate',
570 silly audit report       vulnerable_versions: '<1.19.13',
570 silly audit report       cwe: [Array],
570 silly audit report       cvss: [Object]
570 silly audit report     }
570 silly audit report   ],
570 silly audit report   axios: [
570 silly audit report     {
570 silly audit report       id: 1116673,
570 silly audit report       url: 'https://github.com/advisories/GHSA-3p68-rc4w-qgx5',
570 silly audit report       title: 'Axios has a NO_PROXY Hostname Normalization Bypass that Leads to SSRF',
570 silly audit report       severity: 'moderate',
570 silly audit report       vulnerable_versions: '>=1.0.0 <1.15.0',
570 silly audit report       cwe: [Array],
570 silly audit report       cvss: [Object]
570 silly audit report     },
570 silly audit report     {
570 silly audit report       id: 1116675,
570 silly audit report       url: 'https://github.com/advisories/GHSA-fvcv-3m26-pcqx',
570 silly audit report       title: 'Axios has Unrestricted Cloud Metadata Exfiltration via Header Injection Chain',
570 silly audit report       severity: 'moderate',
570 silly audit report       vulnerable_versions: '>=1.0.0 <1.15.0',
570 silly audit report       cwe: [Array],
570 silly audit report       cvss: [Object]
570 silly audit report     },
570 silly audit report     {
570 silly audit report       id: 1117574,
570 silly audit report       url: 'https://github.com/advisories/GHSA-w9j2-pvgh-6h63',
570 silly audit report       title: 'Axios: Authentication Bypass via Prototype Pollution Gadget in `validateStatus` Merge Strategy',
570 silly audit report       severity: 'moderate',
570 silly audit report       vulnerable_versions: '>=1.0.0 <1.15.1',
570 silly audit report       cwe: [Array],
570 silly audit report       cvss: [Object]
570 silly audit report     },
570 silly audit report     {
570 silly audit report       id: 1117576,
570 silly audit report       url: 'https://github.com/advisories/GHSA-pmwg-cvhr-8vh7',
570 silly audit report       title: 'Axios: Incomplete Fix for CVE-2025-62718 — NO_PROXY Protection Bypassed via RFC 1122 Loopback Subnet (127.0.0.0/8) in Axios 1.15.0',
570 silly audit report       severity: 'high',
570 silly audit report       vulnerable_versions: '>=1.0.0 <1.15.1',
570 silly audit report       cwe: [Array],
570 silly audit report       cvss: [Object]
570 silly audit report     },
570 silly audit report     {
570 silly audit report       id: 1117577,
570 silly audit report       url: 'https://github.com/advisories/GHSA-3w6x-2g7m-8v23',
570 silly audit report       title: 'Axios: Invisible JSON Response Tampering via Prototype Pollution Gadget in `parseReviver`',
570 silly audit report       severity: 'moderate',
570 silly audit report       vulnerable_versions: '>=1.0.0 <1.15.2',
570 silly audit report       cwe: [Array],
570 silly audit report       cvss: [Object]
570 silly audit report     },
570 silly audit report     {
570 silly audit report       id: 1117578,
570 silly audit report       url: 'https://github.com/advisories/GHSA-q8qp-cvcw-x6jj',
570 silly audit report       title: 'Axios has prototype pollution read-side gadgets in HTTP adapter that allow credential injection and request hijacking',
570 silly audit report       severity: 'high',
570 silly audit report       vulnerable_versions: '>=1.0.0 <1.15.2',
570 silly audit report       cwe: [Array],
570 silly audit report       cvss: [Object]
570 silly audit report     },
570 silly audit report     {
570 silly audit report       id: 1117580,
570 silly audit report       url: 'https://github.com/advisories/GHSA-xhjh-pmcv-23jw',
570 silly audit report       title: 'Axios: Null Byte Injection via Reverse-Encoding in AxiosURLSearchParams',
570 silly audit report       severity: 'low',
570 silly audit report       vulnerable_versions: '>=1.0.0 <1.15.1',
570 silly audit report       cwe: [Array],
570 silly audit report       cvss: [Object]
570 silly audit report     },
570 silly audit report     {
570 silly audit report       id: 1117581,
570 silly audit report       url: 'https://github.com/advisories/GHSA-445q-vr5w-6q77',
570 silly audit report       title: 'Axios: CRLF Injection in multipart/form-data body via unsanitized blob.type in formDataToStream',
570 silly audit report       severity: 'moderate',
570 silly audit report       vulnerable_versions: '>=1.0.0 <1.15.1',
570 silly audit report       cwe: [Array],
570 silly audit report       cvss: [Object]
570 silly audit report     },
570 silly audit report     {
570 silly audit report       id: 1117583,
570 silly audit report       url: 'https://github.com/advisories/GHSA-m7pr-hjqh-92cm',
570 silly audit report       title: 'Axios: no_proxy bypass via IP alias allows SSRF',
570 silly audit report       severity: 'moderate',
570 silly audit report       vulnerable_versions: '>=1.0.0 <1.15.1',
570 silly audit report       cwe: [Array],
570 silly audit report       cvss: [Object]
570 silly audit report     },
570 silly audit report     {
570 silly audit report       id: 1117585,
570 silly audit report       url: 'https://github.com/advisories/GHSA-62hf-57xw-28j9',
570 silly audit report       title: 'Axios: unbounded recursion in toFormData causes DoS via deeply nested request data',
570 silly audit report       severity: 'moderate',
570 silly audit report       vulnerable_versions: '>=1.0.0 <1.15.1',
570 silly audit report       cwe: [Array],
570 silly audit report       cvss: [Object]
570 silly audit report     },
570 silly audit report     {
570 silly audit report       id: 1117587,
570 silly audit report       url: 'https://github.com/advisories/GHSA-5c9x-8gcm-mpgx',
570 silly audit report       title: "Axios' HTTP adapter-streamed uploads bypass maxBodyLength when maxRedirects: 0",
570 silly audit report       severity: 'moderate',
570 silly audit report       vulnerable_versions: '>=1.0.0 <1.15.1',
570 silly audit report       cwe: [Array],
570 silly audit report       cvss: [Object]
570 silly audit report     },
570 silly audit report     {
570 silly audit report       id: 1117589,
570 silly audit report       url: 'https://github.com/advisories/GHSA-vf2m-468p-8v99',
570 silly audit report       title: 'Axios: HTTP adapter streamed responses bypass maxContentLength',
570 silly audit report       severity: 'moderate',
570 silly audit report       vulnerable_versions: '>=1.0.0 <1.15.1',
570 silly audit report       cwe: [Array],
570 silly audit report       cvss: [Object]
570 silly audit report     },
570 silly audit report     {
570 silly audit report       id: 1117591,
570 silly audit report       url: 'https://github.com/advisories/GHSA-pf86-5x62-jrwf',
570 silly audit report       title: 'Axios: Prototype Pollution Gadgets - Response Tampering, Data Exfiltration, and Request Hijacking',
570 silly audit report       severity: 'high',
570 silly audit report       vulnerable_versions: '>=1.0.0 <1.15.1',
570 silly audit report       cwe: [Array],
570 silly audit report       cvss: [Object]
570 silly audit report     },
570 silly audit report     {
570 silly audit report       id: 1117593,
570 silly audit report       url: 'https://github.com/advisories/GHSA-6chq-wfr3-2hj9',
570 silly audit report       title: 'Axios: Header Injection via Prototype Pollution',
570 silly audit report       severity: 'high',
570 silly audit report       vulnerable_versions: '>=1.0.0 <1.15.1',
570 silly audit report       cwe: [Array],
570 silly audit report       cvss: [Object]
570 silly audit report     },
570 silly audit report     {
570 silly audit report       id: 1117595,
570 silly audit report       url: 'https://github.com/advisories/GHSA-xx6v-rp6x-q39c',
570 silly audit report       title: 'Axios: XSRF Token Cross-Origin Leakage via Prototype Pollution Gadget in `withXSRFToken` Boolean Coercion',
570 silly audit report       severity: 'moderate',
570 silly audit report       vulnerable_versions: '>=1.0.0 <1.15.1',
570 silly audit report       cwe: [Array],
570 silly audit report       cvss: [Object]
570 silly audit report     }
570 silly audit report   ],
570 silly audit report   'body-parser': [
570 silly audit report     {
570 silly audit report       id: 1110858,
570 silly audit report       url: 'https://github.com/advisories/GHSA-wqch-xfxh-vrr4',
570 silly audit report       title: 'body-parser is vulnerable to denial of service when url encoding is used',
570 silly audit report       severity: 'moderate',
570 silly audit report       vulnerable_versions: '>=2.2.0 <2.2.1',
570 silly audit report       cwe: [Array],
570 silly audit report       cvss: [Object]
570 silly audit report     }
570 silly audit report   ],
570 silly audit report   'brace-expansion': [
570 silly audit report     {
570 silly audit report       id: 1115540,
570 silly audit report       url: 'https://github.com/advisories/GHSA-f886-m6hf-6m8v',
570 silly audit report       title: 'brace-expansion: Zero-step sequence causes process hang and memory exhaustion',
570 silly audit report       severity: 'moderate',
570 silly audit report       vulnerable_versions: '<1.1.13',
570 silly audit report       cwe: [Array],
570 silly audit report       cvss: [Object]
570 silly audit report     }
570 silly audit report   ],
570 silly audit report   diff: [
570 silly audit report     {
570 silly audit report       id: 1112704,
570 silly audit report       url: 'https://github.com/advisories/GHSA-73rr-hh4g-fpgx',
570 silly audit report       title: 'jsdiff has a Denial of Service vulnerability in parsePatch and applyPatch',
570 silly audit report       severity: 'low',
570 silly audit report       vulnerable_versions: '>=4.0.0 <4.0.4',
570 silly audit report       cwe: [Array],
570 silly audit report       cvss: [Object]
570 silly audit report     }
570 silly audit report   ],
570 silly audit report   'follow-redirects': [
570 silly audit report     {
570 silly audit report       id: 1116560,
570 silly audit report       url: 'https://github.com/advisories/GHSA-r4q5-vmmm-2653',
570 silly audit report       title: 'follow-redirects leaks Custom Authentication Headers to Cross-Domain Redirect Targets',
570 silly audit report       severity: 'moderate',
570 silly audit report       vulnerable_versions: '<=1.15.11',
570 silly audit report       cwe: [Array],
570 silly audit report       cvss: [Object]
570 silly audit report     }
570 silly audit report   ],
570 silly audit report   hono: [
570 silly audit report     {
570 silly audit report       id: 1116244,
570 silly audit report       url: 'https://github.com/advisories/GHSA-26pp-8wgv-hjvm',
570 silly audit report       title: 'Hono missing validation of cookie name on write path in setCookie()',
570 silly audit report       severity: 'moderate',
570 silly audit report       vulnerable_versions: '<4.12.12',
570 silly audit report       cwe: [Array],
570 silly audit report       cvss: [Object]
570 silly audit report     },
570 silly audit report     {
570 silly audit report       id: 1116277,
570 silly audit report       url: 'https://github.com/advisories/GHSA-r5rp-j6wh-rvv4',
570 silly audit report       title: 'Hono: Non-breaking space prefix bypass in cookie name handling in getCookie()',
570 silly audit report       severity: 'moderate',
570 silly audit report       vulnerable_versions: '<4.12.12',
570 silly audit report       cwe: [Array],
570 silly audit report       cvss: [Object]
570 silly audit report     },
570 silly audit report     {
570 silly audit report       id: 1116279,
570 silly audit report       url: 'https://github.com/advisories/GHSA-xf4j-xp2r-rqqx',
570 silly audit report       title: 'Hono: Path traversal in toSSG() allows writing files outside the output directory',
570 silly audit report       severity: 'moderate',
570 silly audit report       vulnerable_versions: '>=4.0.0 <=4.12.11',
570 silly audit report       cwe: [Array],
570 silly audit report       cvss: [Object]
570 silly audit report     },
570 silly audit report     {
570 silly audit report       id: 1116280,
570 silly audit report       url: 'https://github.com/advisories/GHSA-wmmm-f939-6g9c',
570 silly audit report       title: 'Hono: Middleware bypass via repeated slashes in serveStatic',
570 silly audit report       severity: 'moderate',
570 silly audit report       vulnerable_versions: '<4.12.12',
570 silly audit report       cwe: [Array],
570 silly audit report       cvss: [Object]
570 silly audit report     },
570 silly audit report     {
570 silly audit report       id: 1116669,
570 silly audit report       url: 'https://github.com/advisories/GHSA-458j-xx4x-4375',
570 silly audit report       title: 'hono Improperly Handles JSX Attribute Names Allows HTML Injection in hono/jsx SSR',
570 silly audit report       severity: 'moderate',
570 silly audit report       vulnerable_versions: '<4.12.14',
570 silly audit report       cwe: [Array],
570 silly audit report       cvss: [Object]
570 silly audit report     },
570 silly audit report     {
570 silly audit report       id: 1117087,
570 silly audit report       url: 'https://github.com/advisories/GHSA-xpcf-pg52-r92g',
570 silly audit report       title: 'Hono has incorrect IP matching in ipRestriction() for IPv4-mapped IPv6 addresses',
570 silly audit report       severity: 'moderate',
570 silly audit report       vulnerable_versions: '<4.12.12',
570 silly audit report       cwe: [Array],
570 silly audit report       cvss: [Object]
570 silly audit report     }
570 silly audit report   ],
570 silly audit report   minimatch: [
570 silly audit report     {
570 silly audit report       id: 1113459,
570 silly audit report       url: 'https://github.com/advisories/GHSA-3ppc-4f35-3m26',
570 silly audit report       title: 'minimatch has a ReDoS via repeated wildcards with non-matching literal in pattern',
570 silly audit report       severity: 'high',
570 silly audit report       vulnerable_versions: '<3.1.3',
570 silly audit report       cwe: [Array],
570 silly audit report       cvss: [Object]
570 silly audit report     },
570 silly audit report     {
570 silly audit report       id: 1113538,
570 silly audit report       url: 'https://github.com/advisories/GHSA-7r86-cg39-jmmj',
570 silly audit report       title: 'minimatch has ReDoS: matchOne() combinatorial backtracking via multiple non-adjacent GLOBSTAR segments',
570 silly audit report       severity: 'high',
570 silly audit report       vulnerable_versions: '<3.1.3',
570 silly audit report       cwe: [Array],
570 silly audit report       cvss: [Object]
570 silly audit report     },
570 silly audit report     {
570 silly audit report       id: 1113546,
570 silly audit report       url: 'https://github.com/advisories/GHSA-23c5-xmqv-rm74',
570 silly audit report       title: 'minimatch ReDoS: nested *() extglobs generate catastrophically backtracking regular expressions',
570 silly audit report       severity: 'high',
570 silly audit report       vulnerable_versions: '<3.1.4',
570 silly audit report       cwe: [Array],
570 silly audit report       cvss: [Object]
570 silly audit report     }
570 silly audit report   ],
570 silly audit report   multer: [
570 silly audit report     {
570 silly audit report       id: 1113635,
570 silly audit report       url: 'https://github.com/advisories/GHSA-xf7r-hgr6-v32p',
570 silly audit report       title: 'Multer vulnerable to Denial of Service via incomplete cleanup',
570 silly audit report       severity: 'high',
570 silly audit report       vulnerable_versions: '<2.1.0',
570 silly audit report       cwe: [Array],
570 silly audit report       cvss: [Object]
570 silly audit report     },
570 silly audit report     {
570 silly audit report       id: 1113636,
570 silly audit report       url: 'https://github.com/advisories/GHSA-v52c-386h-88mc',
570 silly audit report       title: 'Multer vulnerable to Denial of Service via resource exhaustion',
570 silly audit report       severity: 'high',
570 silly audit report       vulnerable_versions: '<2.1.0',
570 silly audit report       cwe: [Array],
570 silly audit report       cvss: [Object]
570 silly audit report     },
570 silly audit report     {
570 silly audit report       id: 1113996,
570 silly audit report       url: 'https://github.com/advisories/GHSA-5528-5vmv-3xc2',
570 silly audit report       title: 'Multer Vulnerable to Denial of Service via Uncontrolled Recursion',
570 silly audit report       severity: 'high',
570 silly audit report       vulnerable_versions: '<2.1.1',
570 silly audit report       cwe: [Array],
570 silly audit report       cvss: [Object]
570 silly audit report     }
570 silly audit report   ],
570 silly audit report   nodemailer: [
570 silly audit report     {
570 silly audit report       id: 1115470,
570 silly audit report       url: 'https://github.com/advisories/GHSA-c7w3-x93f-qmm8',
570 silly audit report       title: 'Nodemailer has SMTP command injection due to unsanitized `envelope.size` parameter',
570 silly audit report       severity: 'low',
570 silly audit report       vulnerable_versions: '<8.0.4',
570 silly audit report       cwe: [Array],
570 silly audit report       cvss: [Object]
570 silly audit report     },
570 silly audit report     {
570 silly audit report       id: 1116270,
570 silly audit report       url: 'https://github.com/advisories/GHSA-vvjj-xcjg-gr5g',
570 silly audit report       title: 'Nodemailer Vulnerable to SMTP Command Injection via CRLF in Transport name Option (EHLO/HELO) ',
570 silly audit report       severity: 'moderate',
570 silly audit report       vulnerable_versions: '<=8.0.4',
570 silly audit report       cwe: [Array],
570 silly audit report       cvss: [Object]
570 silly audit report     }
570 silly audit report   ],
570 silly audit report   'path-to-regexp': [
570 silly audit report     {
570 silly audit report       id: 1115573,
570 silly audit report       url: 'https://github.com/advisories/GHSA-j3q9-mxjg-w52f',
570 silly audit report       title: 'path-to-regexp vulnerable to Denial of Service via sequential optional groups',
570 silly audit report       severity: 'high',
570 silly audit report       vulnerable_versions: '>=8.0.0 <8.4.0',
570 silly audit report       cwe: [Array],
570 silly audit report       cvss: [Object]
570 silly audit report     },
570 silly audit report     {
570 silly audit report       id: 1115582,
570 silly audit report       url: 'https://github.com/advisories/GHSA-27v5-c462-wpq7',
570 silly audit report       title: 'path-to-regexp vulnerable to Regular Expression Denial of Service via multiple wildcards',
570 silly audit report       severity: 'moderate',
570 silly audit report       vulnerable_versions: '>=8.0.0 <8.4.0',
570 silly audit report       cwe: [Array],
570 silly audit report       cvss: [Object]
570 silly audit report     }
570 silly audit report   ],
570 silly audit report   picomatch: [
570 silly audit report     {
570 silly audit report       id: 1115549,
570 silly audit report       url: 'https://github.com/advisories/GHSA-3v7f-55p6-f55p',
570 silly audit report       title: 'Picomatch: Method Injection in POSIX Character Classes causes incorrect Glob Matching',
570 silly audit report       severity: 'moderate',
570 silly audit report       vulnerable_versions: '<2.3.2',
570 silly audit report       cwe: [Array],
570 silly audit report       cvss: [Object]
570 silly audit report     },
570 silly audit report     {
570 silly audit report       id: 1115552,
570 silly audit report       url: 'https://github.com/advisories/GHSA-c2c7-rcm5-vvqj',
570 silly audit report       title: 'Picomatch has a ReDoS vulnerability via extglob quantifiers',
570 silly audit report       severity: 'high',
570 silly audit report       vulnerable_versions: '<2.3.2',
570 silly audit report       cwe: [Array],
570 silly audit report       cvss: [Object]
570 silly audit report     }
570 silly audit report   ],
570 silly audit report   qs: [
570 silly audit report     {
570 silly audit report       id: 1113161,
570 silly audit report       url: 'https://github.com/advisories/GHSA-w7fw-mjwx-w883',
570 silly audit report       title: "qs's arrayLimit bypass in comma parsing allows denial of service",
570 silly audit report       severity: 'low',
570 silly audit report       vulnerable_versions: '>=6.7.0 <=6.14.1',
570 silly audit report       cwe: [Array],
570 silly audit report       cvss: [Object]
570 silly audit report     },
570 silly audit report     {
570 silly audit report       id: 1113719,
570 silly audit report       url: 'https://github.com/advisories/GHSA-6rw7-vpxm-498p',
570 silly audit report       title: "qs's arrayLimit bypass in its bracket notation allows DoS via memory exhaustion",
570 silly audit report       severity: 'moderate',
570 silly audit report       vulnerable_versions: '<6.14.1',
570 silly audit report       cwe: [Array],
570 silly audit report       cvss: [Object]
570 silly audit report     }
570 silly audit report   ],
570 silly audit report   'socket.io-parser': [
570 silly audit report     {
570 silly audit report       id: 1115154,
570 silly audit report       url: 'https://github.com/advisories/GHSA-677m-j7p3-52f9',
570 silly audit report       title: 'socket.io allows an unbounded number of binary attachments',
570 silly audit report       severity: 'high',
570 silly audit report       vulnerable_versions: '>=4.0.0 <4.2.6',
570 silly audit report       cwe: [Array],
570 silly audit report       cvss: [Object]
570 silly audit report     }
570 silly audit report   ],
570 silly audit report   uuid: [
570 silly audit report     {
570 silly audit report       id: 1116970,
570 silly audit report       url: 'https://github.com/advisories/GHSA-w5hq-g745-h8pq',
570 silly audit report       title: 'uuid: Missing buffer bounds check in v3/v5/v6 when buf is provided',
570 silly audit report       severity: 'moderate',
570 silly audit report       vulnerable_versions: '<14.0.0',
570 silly audit report       cwe: [Array],
570 silly audit report       cvss: [Object]
570 silly audit report     }
570 silly audit report   ]
570 silly audit report }
571 silly packumentCache corgi:https://registry.npmjs.org/@hono%2fnode-server cache-miss
572 silly packumentCache corgi:https://registry.npmjs.org/axios cache-miss
573 silly packumentCache corgi:https://registry.npmjs.org/body-parser cache-miss
574 silly packumentCache corgi:https://registry.npmjs.org/brace-expansion cache-miss
575 silly packumentCache corgi:https://registry.npmjs.org/diff cache-miss
576 silly packumentCache corgi:https://registry.npmjs.org/follow-redirects cache-miss
577 silly packumentCache corgi:https://registry.npmjs.org/hono cache-miss
578 silly packumentCache corgi:https://registry.npmjs.org/minimatch cache-miss
579 silly packumentCache corgi:https://registry.npmjs.org/multer cache-miss
580 silly packumentCache corgi:https://registry.npmjs.org/nodemailer cache-miss
581 silly packumentCache corgi:https://registry.npmjs.org/path-to-regexp cache-miss
582 silly packumentCache corgi:https://registry.npmjs.org/picomatch cache-miss
583 silly packumentCache corgi:https://registry.npmjs.org/qs cache-miss
584 silly packumentCache corgi:https://registry.npmjs.org/socket.io-parser cache-miss
585 silly packumentCache corgi:https://registry.npmjs.org/uuid cache-miss
586 http fetch GET 200 https://registry.npmjs.org/string-width/-/string-width-4.2.3.tgz 302ms (cache miss)
587 http fetch GET 200 https://registry.npmjs.org/strip-ansi/-/strip-ansi-6.0.1.tgz 308ms (cache miss)
588 http fetch GET 200 https://registry.npmjs.org/strip-ansi/-/strip-ansi-6.0.1.tgz 307ms (cache miss)
589 http fetch GET 200 https://registry.npmjs.org/emoji-regex/-/emoji-regex-8.0.0.tgz 317ms (cache miss)
590 http fetch GET 200 https://registry.npmjs.org/emoji-regex/-/emoji-regex-9.2.2.tgz 324ms (cache miss)
591 http fetch GET 200 https://registry.npmjs.org/string-width/-/string-width-5.1.2.tgz 325ms (cache miss)
592 http fetch GET 200 https://registry.npmjs.org/brace-expansion/-/brace-expansion-2.1.0.tgz 328ms (cache miss)
593 http fetch GET 200 https://registry.npmjs.org/parseley/-/parseley-0.12.1.tgz 337ms (cache miss)
594 http fetch GET 200 https://registry.npmjs.org/brace-expansion/-/brace-expansion-2.1.0.tgz 341ms (cache miss)
595 http fetch GET 200 https://registry.npmjs.org/ansi-regex/-/ansi-regex-5.0.1.tgz 343ms (cache miss)
596 http fetch GET 200 https://registry.npmjs.org/minimatch/-/minimatch-9.0.9.tgz 346ms (cache miss)
597 http fetch GET 200 https://registry.npmjs.org/ansi-regex/-/ansi-regex-5.0.1.tgz 355ms (cache miss)
598 http fetch GET 200 https://registry.npmjs.org/fast-deep-equal/-/fast-deep-equal-2.0.1.tgz 356ms (cache miss)
599 http fetch GET 200 https://registry.npmjs.org/react/-/react-18.3.1.tgz 375ms (cache miss)
600 http fetch GET 200 https://registry.npmjs.org/deepmerge/-/deepmerge-4.3.1.tgz 373ms (cache miss)
601 http fetch GET 200 https://registry.npmjs.org/scheduler/-/scheduler-0.23.2.tgz 383ms (cache miss)
602 http fetch GET 200 https://registry.npmjs.org/@pkgjs/parseargs/-/parseargs-0.11.0.tgz 397ms (cache miss)
603 http fetch GET 200 https://registry.npmjs.org/lru-cache/-/lru-cache-10.4.3.tgz 397ms (cache miss)
604 http fetch GET 200 https://registry.npmjs.org/axios 104ms (cache miss)
605 silly packumentCache corgi:https://registry.npmjs.org/axios set size:undefined disposed:false
606 http fetch GET 200 https://registry.npmjs.org/minimatch/-/minimatch-9.0.9.tgz 421ms (cache miss)
607 http fetch GET 200 https://registry.npmjs.org/follow-redirects 131ms (cache miss)
608 silly packumentCache corgi:https://registry.npmjs.org/follow-redirects set size:undefined disposed:false
609 http fetch GET 200 https://registry.npmjs.org/diff 134ms (cache miss)
610 silly packumentCache corgi:https://registry.npmjs.org/diff set size:undefined disposed:false
611 http fetch GET 200 https://registry.npmjs.org/@isaacs/cliui/-/cliui-8.0.2.tgz 435ms (cache miss)
612 http fetch GET 200 https://registry.npmjs.org/react-dom/-/react-dom-18.3.1.tgz 437ms (cache miss)
613 http fetch GET 200 https://registry.npmjs.org/socket.io-parser 167ms (cache miss)
614 silly packumentCache corgi:https://registry.npmjs.org/socket.io-parser set size:undefined disposed:false
615 http fetch GET 200 https://registry.npmjs.org/picomatch 172ms (cache miss)
616 silly packumentCache corgi:https://registry.npmjs.org/picomatch set size:undefined disposed:false
617 http fetch GET 200 https://registry.npmjs.org/editorconfig/-/editorconfig-1.0.7.tgz 473ms (cache miss)
618 http fetch GET 200 https://registry.npmjs.org/path-to-regexp 174ms (cache miss)
619 silly packumentCache corgi:https://registry.npmjs.org/path-to-regexp set size:undefined disposed:false
620 http fetch GET 200 https://registry.npmjs.org/uuid 195ms (cache miss)
621 silly packumentCache corgi:https://registry.npmjs.org/uuid set size:undefined disposed:false
622 http fetch GET 200 https://registry.npmjs.org/brace-expansion 203ms (cache miss)
623 silly packumentCache corgi:https://registry.npmjs.org/brace-expansion set size:undefined disposed:false
624 http fetch GET 200 https://registry.npmjs.org/@selderee/plugin-htmlparser2/-/plugin-htmlparser2-0.11.0.tgz 520ms (cache miss)
625 http fetch GET 200 https://registry.npmjs.org/minimatch 224ms (cache miss)
626 silly packumentCache corgi:https://registry.npmjs.org/minimatch set size:undefined disposed:false
627 http fetch GET 200 https://registry.npmjs.org/resend/-/resend-3.5.0.tgz 610ms (cache miss)
628 http fetch GET 200 https://registry.npmjs.org/body-parser 401ms (cache miss)
629 silly packumentCache corgi:https://registry.npmjs.org/body-parser set size:undefined disposed:false
630 http fetch GET 200 https://registry.npmjs.org/multer 411ms (cache miss)
631 silly packumentCache corgi:https://registry.npmjs.org/multer set size:undefined disposed:false
632 http fetch GET 200 https://registry.npmjs.org/nodemailer 422ms (cache miss)
633 silly packumentCache corgi:https://registry.npmjs.org/nodemailer set size:undefined disposed:false
634 http fetch GET 200 https://registry.npmjs.org/hono 436ms (cache miss)
635 silly packumentCache corgi:https://registry.npmjs.org/hono set size:undefined disposed:false
636 http fetch GET 200 https://registry.npmjs.org/qs 470ms (cache miss)
637 silly packumentCache corgi:https://registry.npmjs.org/qs set size:undefined disposed:false
638 http fetch GET 200 https://registry.npmjs.org/@react-email/render/-/render-0.0.16.tgz 946ms (cache miss)
639 http fetch GET 200 https://registry.npmjs.org/@one-ini/wasm/-/wasm-0.1.1.tgz 1027ms (cache miss)
640 http fetch GET 200 https://registry.npmjs.org/@hono%2fnode-server 960ms (cache miss)
641 silly packumentCache corgi:https://registry.npmjs.org/@hono%2fnode-server set size:undefined disposed:false
642 silly packumentCache corgi:https://registry.npmjs.org/@prisma%2fdev cache-miss
643 http fetch GET 200 https://registry.npmjs.org/@prisma%2fdev 878ms (cache miss)
644 silly packumentCache corgi:https://registry.npmjs.org/@prisma%2fdev set size:undefined disposed:false
645 silly packumentCache corgi:https://registry.npmjs.org/express cache-miss
646 http fetch GET 200 https://registry.npmjs.org/express 90ms (cache miss)
647 silly packumentCache corgi:https://registry.npmjs.org/express set size:undefined disposed:false
648 silly packumentCache corgi:https://registry.npmjs.org/ts-node cache-miss
649 http fetch GET 200 https://registry.npmjs.org/ts-node 38ms (cache miss)
650 silly packumentCache corgi:https://registry.npmjs.org/ts-node set size:undefined disposed:false
651 silly packumentCache corgi:https://registry.npmjs.org/nodemon cache-miss
652 http fetch GET 200 https://registry.npmjs.org/nodemon 362ms (cache miss)
653 silly packumentCache corgi:https://registry.npmjs.org/nodemon set size:undefined disposed:false
654 silly packumentCache corgi:https://registry.npmjs.org/router cache-miss
655 http fetch GET 200 https://registry.npmjs.org/router 324ms (cache miss)
656 silly packumentCache corgi:https://registry.npmjs.org/router set size:undefined disposed:false
657 silly packumentCache corgi:https://registry.npmjs.org/anymatch cache-miss
658 silly packumentCache corgi:https://registry.npmjs.org/readdirp cache-miss
659 http fetch GET 200 https://registry.npmjs.org/readdirp 49ms (cache miss)
660 silly packumentCache corgi:https://registry.npmjs.org/readdirp set size:undefined disposed:false
661 http fetch GET 200 https://registry.npmjs.org/anymatch 50ms (cache miss)
662 silly packumentCache corgi:https://registry.npmjs.org/anymatch set size:undefined disposed:false
663 silly packumentCache corgi:https://registry.npmjs.org/socket.io cache-miss
664 silly packumentCache corgi:https://registry.npmjs.org/socket.io-client cache-miss
665 http fetch GET 200 https://registry.npmjs.org/socket.io-client 49ms (cache miss)
666 silly packumentCache corgi:https://registry.npmjs.org/socket.io-client set size:undefined disposed:false
667 http fetch GET 200 https://registry.npmjs.org/socket.io 321ms (cache miss)
668 silly packumentCache corgi:https://registry.npmjs.org/socket.io set size:undefined disposed:false
669 silly packumentCache corgi:https://registry.npmjs.org/node-cron cache-miss
670 http fetch GET 200 https://registry.npmjs.org/node-cron 317ms (cache miss)
671 silly packumentCache corgi:https://registry.npmjs.org/node-cron set size:undefined disposed:false
672 silly packumentCache corgi:https://registry.npmjs.org/prisma cache-miss
673 http fetch GET 200 https://registry.npmjs.org/prisma 792ms (cache miss)
674 silly packumentCache corgi:https://registry.npmjs.org/prisma set size:undefined disposed:false
675 silly packumentCache corgi:https://registry.npmjs.org/@prisma%2fclient cache-miss
676 http fetch GET 200 https://registry.npmjs.org/@prisma%2fclient 1504ms (cache miss)
677 silly packumentCache corgi:https://registry.npmjs.org/@prisma%2fclient set size:undefined disposed:false
678 silly ADD node_modules/color-name
679 silly ADD node_modules/color-convert
680 silly ADD node_modules/js-tokens
681 silly ADD node_modules/loose-envify
682 silly ADD node_modules/ansi-styles
683 silly ADD node_modules/ansi-regex
684 silly ADD node_modules/is-fullwidth-code-point
685 silly ADD node_modules/emoji-regex
686 silly ADD node_modules/eastasianwidth
687 silly ADD node_modules/peberminta
688 silly ADD node_modules/leac
689 silly ADD node_modules/parseley
690 silly ADD node_modules/abbrev
691 silly ADD node_modules/wrap-ansi-cjs
692 silly ADD node_modules/wrap-ansi-cjs/node_modules/ansi-regex
693 silly ADD node_modules/wrap-ansi-cjs/node_modules/emoji-regex
694 silly ADD node_modules/wrap-ansi-cjs/node_modules/strip-ansi
695 silly ADD node_modules/wrap-ansi-cjs/node_modules/string-width
696 silly ADD node_modules/wrap-ansi-cjs/node_modules/ansi-styles
697 silly ADD node_modules/wrap-ansi
698 silly ADD node_modules/strip-ansi-cjs
699 silly ADD node_modules/strip-ansi-cjs/node_modules/ansi-regex
700 silly ADD node_modules/strip-ansi
701 silly ADD node_modules/string-width-cjs
702 silly ADD node_modules/string-width-cjs/node_modules/ansi-regex
703 silly ADD node_modules/string-width-cjs/node_modules/strip-ansi
704 silly ADD node_modules/string-width-cjs/node_modules/emoji-regex
705 silly ADD node_modules/string-width
706 silly ADD node_modules/@pkgjs/parseargs
707 silly ADD node_modules/@isaacs/cliui
708 silly ADD node_modules/path-scurry
709 silly ADD node_modules/path-scurry/node_modules/lru-cache
710 silly ADD node_modules/package-json-from-dist
711 silly ADD node_modules/minipass
712 silly ADD node_modules/jackspeak
713 silly ADD node_modules/commander
714 silly ADD node_modules/@one-ini/wasm
715 silly ADD node_modules/proto-list
716 silly ADD node_modules/ini
717 silly ADD node_modules/nopt
718 silly ADD node_modules/js-cookie
719 silly ADD node_modules/glob
720 silly ADD node_modules/glob/node_modules/brace-expansion
721 silly ADD node_modules/glob/node_modules/minimatch
722 silly ADD node_modules/editorconfig
723 silly ADD node_modules/editorconfig/node_modules/brace-expansion
724 silly ADD node_modules/editorconfig/node_modules/minimatch
725 silly ADD node_modules/config-chain
726 silly ADD node_modules/domutils
727 silly ADD node_modules/entities
728 silly ADD node_modules/domelementtype
729 silly ADD node_modules/domhandler
730 silly ADD node_modules/selderee
731 silly ADD node_modules/htmlparser2
732 silly ADD node_modules/dom-serializer
733 silly ADD node_modules/deepmerge
734 silly ADD node_modules/@selderee/plugin-htmlparser2
735 silly ADD node_modules/react-promise-suspense
736 silly ADD node_modules/react-promise-suspense/node_modules/fast-deep-equal
737 silly ADD node_modules/js-beautify
738 silly ADD node_modules/html-to-text
739 silly ADD node_modules/resend
740 silly ADD node_modules/resend/node_modules/scheduler
741 silly ADD node_modules/resend/node_modules/react-dom
742 silly ADD node_modules/resend/node_modules/react
743 silly ADD node_modules/resend/node_modules/@react-email/render
744 silly ADD
745 silly ADD
746 silly ADD
747 silly ADD
748 silly ADD
749 silly ADD
750 silly ADD
751 silly ADD
752 silly ADD
753 silly ADD
754 silly ADD
755 silly ADD
756 silly ADD
757 silly ADD
758 silly ADD
759 silly ADD
760 silly ADD
761 silly ADD
762 silly ADD
763 silly ADD
764 silly ADD
765 silly ADD
766 silly ADD
767 silly ADD
768 silly ADD
769 verbose cwd /Users/hemy/Downloads/FYPCODE/backend
770 verbose os Darwin 25.4.0
771 verbose node v22.16.0
772 verbose npm  v10.9.2
773 notice
773 notice New [31mmajor[39m version of npm available! [31m10.9.2[39m -> [34m11.13.0[39m
773 notice Changelog: [34mhttps://github.com/npm/cli/releases/tag/v11.13.0[39m
773 notice To update run: [4mnpm install -g npm@11.13.0[24m
773 notice  { force: true, [Symbol(proc-log.meta)]: true }
774 verbose exit 0
775 info ok
